Job running on node: sist_gpu36
Job started at: Sun 16 Mar 2025 10:34:03 PM CST
CUDA_HOME: 
CUDA_PATH: 
LD_LIBRARY_PATH: /public/software/CUDA/cuda-11.4/lib64:/opt/gridview/pmix/lib:/opt/gridview/ucx/lib:/opt/gridview/ucx/lib/ucx:/opt/gridview/slurm/lib:/opt/gridview/slurm/lib64:/opt/gridview/munge/lib
Checking CUDA installation:
Sun Mar 16 22:34:03 2025       
+-----------------------------------------------------------------------------------------+
| NVIDIA-SMI 550.54.15              Driver Version: 550.54.15      CUDA Version: 12.4     |
|-----------------------------------------+------------------------+----------------------+
| GPU  Name                 Persistence-M | Bus-Id          Disp.A | Volatile Uncorr. ECC |
| Fan  Temp   Perf          Pwr:Usage/Cap |           Memory-Usage | GPU-Util  Compute M. |
|                                         |                        |               MIG M. |
|=========================================+========================+======================|
|   0  Tesla V100-PCIE-16GB           On  |   00000000:18:00.0 Off |                  Off |
| N/A   34C    P0             25W /  250W |       0MiB /  16384MiB |      0%      Default |
|                                         |                        |                  N/A |
+-----------------------------------------+------------------------+----------------------+
                                                                                         
+-----------------------------------------------------------------------------------------+
| Processes:                                                                              |
|  GPU   GI   CI        PID   Type   Process name                              GPU Memory |
|        ID   ID                                                               Usage      |
|=========================================================================================|
|  No running processes found                                                             |
+-----------------------------------------------------------------------------------------+
nvcc: NVIDIA (R) Cuda compiler driver
Copyright (c) 2005-2021 NVIDIA Corporation
Built on Wed_Jun__2_19:15:15_PDT_2021
Cuda compilation tools, release 11.4, V11.4.48
Build cuda_11.4.r11.4/compiler.30033411_0
Checking PyTorch installation:
PyTorch version: 2.0.1+cu117
CUDA built version: 11.7
CUDA available: True
PyTorch version: 1.13.1+cu116
CUDA built version: 11.6
CUDA available: True
CUDA device count: 1
CUDA current device: 0
CUDA device name: Tesla V100-PCIE-16GB
Using device: cuda
Logging to ./ppo_logs_002/
Using cuda device
-----------------------------
| time/              |      |
|    fps             | 192  |
|    iterations      | 1    |
|    time_elapsed    | 21   |
|    total_timesteps | 4096 |
-----------------------------
---------------------------------------
| time/                   |           |
|    fps                  | 154       |
|    iterations           | 2         |
|    time_elapsed         | 53        |
|    total_timesteps      | 8192      |
| train/                  |           |
|    approx_kl            | 0.0172748 |
|    clip_fraction        | 0.329     |
|    clip_range           | 0.2       |
|    entropy_loss         | -4.59     |
|    explained_variance   | -0.00115  |
|    learning_rate        | 0.0003    |
|    loss                 | -0.0309   |
|    n_updates            | 10        |
|    policy_gradient_loss | -0.0329   |
|    value_loss           | 0.00351   |
---------------------------------------
-----------------------------------------
| time/                   |             |
|    fps                  | 138         |
|    iterations           | 3           |
|    time_elapsed         | 88          |
|    total_timesteps      | 12288       |
| train/                  |             |
|    approx_kl            | 0.016985182 |
|    clip_fraction        | 0.261       |
|    clip_range           | 0.2         |
|    entropy_loss         | -4.57       |
|    explained_variance   | -0.00164    |
|    learning_rate        | 0.0003      |
|    loss                 | -0.0384     |
|    n_updates            | 20          |
|    policy_gradient_loss | -0.0124     |
|    value_loss           | 2.41        |
-----------------------------------------
-----------------------------------------
| time/                   |             |
|    fps                  | 119         |
|    iterations           | 4           |
|    time_elapsed         | 137         |
|    total_timesteps      | 16384       |
| train/                  |             |
|    approx_kl            | 0.017978134 |
|    clip_fraction        | 0.33        |
|    clip_range           | 0.2         |
|    entropy_loss         | -4.53       |
|    explained_variance   | 0.0103      |
|    learning_rate        | 0.0003      |
|    loss                 | 0.229       |
|    n_updates            | 30          |
|    policy_gradient_loss | -0.0169     |
|    value_loss           | 0.817       |
-----------------------------------------
-----------------------------------------
| time/                   |             |
|    fps                  | 106         |
|    iterations           | 5           |
|    time_elapsed         | 193         |
|    total_timesteps      | 20480       |
| train/                  |             |
|    approx_kl            | 0.018995058 |
|    clip_fraction        | 0.329       |
|    clip_range           | 0.2         |
|    entropy_loss         | -4.48       |
|    explained_variance   | 0.00353     |
|    learning_rate        | 0.0003      |
|    loss                 | 1.14        |
|    n_updates            | 40          |
|    policy_gradient_loss | -0.0184     |
|    value_loss           | 0.823       |
-----------------------------------------
-----------------------------------------
| time/                   |             |
|    fps                  | 99          |
|    iterations           | 6           |
|    time_elapsed         | 247         |
|    total_timesteps      | 24576       |
| train/                  |             |
|    approx_kl            | 0.015009219 |
|    clip_fraction        | 0.241       |
|    clip_range           | 0.2         |
|    entropy_loss         | -4.47       |
|    explained_variance   | 0.00441     |
|    learning_rate        | 0.0003      |
|    loss                 | 2.86        |
|    n_updates            | 50          |
|    policy_gradient_loss | -0.0106     |
|    value_loss           | 3.95        |
-----------------------------------------
-----------------------------------------
| time/                   |             |
|    fps                  | 95          |
|    iterations           | 7           |
|    time_elapsed         | 301         |
|    total_timesteps      | 28672       |
| train/                  |             |
|    approx_kl            | 0.017697878 |
|    clip_fraction        | 0.298       |
|    clip_range           | 0.2         |
|    entropy_loss         | -4.4        |
|    explained_variance   | -0.00223    |
|    learning_rate        | 0.0003      |
|    loss                 | 1.09        |
|    n_updates            | 60          |
|    policy_gradient_loss | -0.0136     |
|    value_loss           | 1.65        |
-----------------------------------------
-----------------------------------------
| time/                   |             |
|    fps                  | 92          |
|    iterations           | 8           |
|    time_elapsed         | 353         |
|    total_timesteps      | 32768       |
| train/                  |             |
|    approx_kl            | 0.013913382 |
|    clip_fraction        | 0.213       |
|    clip_range           | 0.2         |
|    entropy_loss         | -4.41       |
|    explained_variance   | 0.0324      |
|    learning_rate        | 0.0003      |
|    loss                 | 2.05        |
|    n_updates            | 70          |
|    policy_gradient_loss | -0.0117     |
|    value_loss           | 3.7         |
-----------------------------------------
-----------------------------------------
| time/                   |             |
|    fps                  | 90          |
|    iterations           | 9           |
|    time_elapsed         | 406         |
|    total_timesteps      | 36864       |
| train/                  |             |
|    approx_kl            | 0.012795275 |
|    clip_fraction        | 0.17        |
|    clip_range           | 0.2         |
|    entropy_loss         | -4.41       |
|    explained_variance   | 0.112       |
|    learning_rate        | 0.0003      |
|    loss                 | 0.216       |
|    n_updates            | 80          |
|    policy_gradient_loss | -0.0113     |
|    value_loss           | 4.33        |
-----------------------------------------
-----------------------------------------
| time/                   |             |
|    fps                  | 88          |
|    iterations           | 10          |
|    time_elapsed         | 463         |
|    total_timesteps      | 40960       |
| train/                  |             |
|    approx_kl            | 0.014306501 |
|    clip_fraction        | 0.238       |
|    clip_range           | 0.2         |
|    entropy_loss         | -4.41       |
|    explained_variance   | 0.119       |
|    learning_rate        | 0.0003      |
|    loss                 | 1.74        |
|    n_updates            | 90          |
|    policy_gradient_loss | -0.0121     |
|    value_loss           | 3.83        |
-----------------------------------------
-----------------------------------------
| time/                   |             |
|    fps                  | 86          |
|    iterations           | 11          |
|    time_elapsed         | 521         |
|    total_timesteps      | 45056       |
| train/                  |             |
|    approx_kl            | 0.015637975 |
|    clip_fraction        | 0.262       |
|    clip_range           | 0.2         |
|    entropy_loss         | -4.36       |
|    explained_variance   | 0.134       |
|    learning_rate        | 0.0003      |
|    loss                 | 0.00709     |
|    n_updates            | 100         |
|    policy_gradient_loss | -0.014      |
|    value_loss           | 1.59        |
-----------------------------------------
----------------------------------------
| time/                   |            |
|    fps                  | 85         |
|    iterations           | 12         |
|    time_elapsed         | 575        |
|    total_timesteps      | 49152      |
| train/                  |            |
|    approx_kl            | 0.01516243 |
|    clip_fraction        | 0.276      |
|    clip_range           | 0.2        |
|    entropy_loss         | -4.31      |
|    explained_variance   | 0.0797     |
|    learning_rate        | 0.0003     |
|    loss                 | 0.0612     |
|    n_updates            | 110        |
|    policy_gradient_loss | -0.0109    |
|    value_loss           | 1.36       |
----------------------------------------
---------------------------------------
| time/                   |           |
|    fps                  | 84        |
|    iterations           | 13        |
|    time_elapsed         | 631       |
|    total_timesteps      | 53248     |
| train/                  |           |
|    approx_kl            | 0.0163543 |
|    clip_fraction        | 0.214     |
|    clip_range           | 0.2       |
|    entropy_loss         | -4.31     |
|    explained_variance   | 0.0834    |
|    learning_rate        | 0.0003    |
|    loss                 | 3.79      |
|    n_updates            | 120       |
|    policy_gradient_loss | -0.0138   |
|    value_loss           | 4.14      |
---------------------------------------
----------------------------------------
| time/                   |            |
|    fps                  | 83         |
|    iterations           | 14         |
|    time_elapsed         | 689        |
|    total_timesteps      | 57344      |
| train/                  |            |
|    approx_kl            | 0.01325408 |
|    clip_fraction        | 0.157      |
|    clip_range           | 0.2        |
|    entropy_loss         | -4.28      |
|    explained_variance   | 0.212      |
|    learning_rate        | 0.0003     |
|    loss                 | 0.601      |
|    n_updates            | 130        |
|    policy_gradient_loss | -0.0113    |
|    value_loss           | 3.78       |
----------------------------------------
-----------------------------------------
| time/                   |             |
|    fps                  | 82          |
|    iterations           | 15          |
|    time_elapsed         | 748         |
|    total_timesteps      | 61440       |
| train/                  |             |
|    approx_kl            | 0.016868293 |
|    clip_fraction        | 0.245       |
|    clip_range           | 0.2         |
|    entropy_loss         | -4.23       |
|    explained_variance   | 0.173       |
|    learning_rate        | 0.0003      |
|    loss                 | 0.476       |
|    n_updates            | 140         |
|    policy_gradient_loss | -0.0128     |
|    value_loss           | 1.39        |
-----------------------------------------
-----------------------------------------
| time/                   |             |
|    fps                  | 81          |
|    iterations           | 16          |
|    time_elapsed         | 800         |
|    total_timesteps      | 65536       |
| train/                  |             |
|    approx_kl            | 0.014626902 |
|    clip_fraction        | 0.197       |
|    clip_range           | 0.2         |
|    entropy_loss         | -4.24       |
|    explained_variance   | 0.41        |
|    learning_rate        | 0.0003      |
|    loss                 | 0.453       |
|    n_updates            | 150         |
|    policy_gradient_loss | -0.0138     |
|    value_loss           | 3.39        |
-----------------------------------------
-----------------------------------------
| time/                   |             |
|    fps                  | 81          |
|    iterations           | 17          |
|    time_elapsed         | 858         |
|    total_timesteps      | 69632       |
| train/                  |             |
|    approx_kl            | 0.015397286 |
|    clip_fraction        | 0.186       |
|    clip_range           | 0.2         |
|    entropy_loss         | -4.3        |
|    explained_variance   | 0.502       |
|    learning_rate        | 0.0003      |
|    loss                 | 1.06        |
|    n_updates            | 160         |
|    policy_gradient_loss | -0.0124     |
|    value_loss           | 4.18        |
-----------------------------------------
-----------------------------------------
| time/                   |             |
|    fps                  | 80          |
|    iterations           | 18          |
|    time_elapsed         | 914         |
|    total_timesteps      | 73728       |
| train/                  |             |
|    approx_kl            | 0.017583448 |
|    clip_fraction        | 0.284       |
|    clip_range           | 0.2         |
|    entropy_loss         | -4.31       |
|    explained_variance   | 0.287       |
|    learning_rate        | 0.0003      |
|    loss                 | 0.933       |
|    n_updates            | 170         |
|    policy_gradient_loss | -0.0122     |
|    value_loss           | 2.44        |
-----------------------------------------
-----------------------------------------
| time/                   |             |
|    fps                  | 80          |
|    iterations           | 19          |
|    time_elapsed         | 971         |
|    total_timesteps      | 77824       |
| train/                  |             |
|    approx_kl            | 0.015487522 |
|    clip_fraction        | 0.224       |
|    clip_range           | 0.2         |
|    entropy_loss         | -4.32       |
|    explained_variance   | 0.703       |
|    learning_rate        | 0.0003      |
|    loss                 | 0.16        |
|    n_updates            | 180         |
|    policy_gradient_loss | -0.0119     |
|    value_loss           | 0.966       |
-----------------------------------------
-----------------------------------------
| time/                   |             |
|    fps                  | 79          |
|    iterations           | 20          |
|    time_elapsed         | 1026        |
|    total_timesteps      | 81920       |
| train/                  |             |
|    approx_kl            | 0.015046157 |
|    clip_fraction        | 0.193       |
|    clip_range           | 0.2         |
|    entropy_loss         | -4.36       |
|    explained_variance   | 0.678       |
|    learning_rate        | 0.0003      |
|    loss                 | 1.16        |
|    n_updates            | 190         |
|    policy_gradient_loss | -0.0127     |
|    value_loss           | 2.63        |
-----------------------------------------
-----------------------------------------
| time/                   |             |
|    fps                  | 79          |
|    iterations           | 21          |
|    time_elapsed         | 1079        |
|    total_timesteps      | 86016       |
| train/                  |             |
|    approx_kl            | 0.015320366 |
|    clip_fraction        | 0.173       |
|    clip_range           | 0.2         |
|    entropy_loss         | -4.36       |
|    explained_variance   | 0.732       |
|    learning_rate        | 0.0003      |
|    loss                 | 0.598       |
|    n_updates            | 200         |
|    policy_gradient_loss | -0.0119     |
|    value_loss           | 2.18        |
-----------------------------------------
-----------------------------------------
| time/                   |             |
|    fps                  | 79          |
|    iterations           | 22          |
|    time_elapsed         | 1133        |
|    total_timesteps      | 90112       |
| train/                  |             |
|    approx_kl            | 0.014954552 |
|    clip_fraction        | 0.234       |
|    clip_range           | 0.2         |
|    entropy_loss         | -4.32       |
|    explained_variance   | 0.795       |
|    learning_rate        | 0.0003      |
|    loss                 | 0.114       |
|    n_updates            | 210         |
|    policy_gradient_loss | -0.0126     |
|    value_loss           | 0.89        |
-----------------------------------------
-----------------------------------------
| time/                   |             |
|    fps                  | 79          |
|    iterations           | 23          |
|    time_elapsed         | 1189        |
|    total_timesteps      | 94208       |
| train/                  |             |
|    approx_kl            | 0.011936476 |
|    clip_fraction        | 0.152       |
|    clip_range           | 0.2         |
|    entropy_loss         | -4.33       |
|    explained_variance   | 0.608       |
|    learning_rate        | 0.0003      |
|    loss                 | 0.56        |
|    n_updates            | 220         |
|    policy_gradient_loss | -0.013      |
|    value_loss           | 1.44        |
-----------------------------------------
------------------------------------------
| time/                   |              |
|    fps                  | 79           |
|    iterations           | 24           |
|    time_elapsed         | 1244         |
|    total_timesteps      | 98304        |
| train/                  |              |
|    approx_kl            | 0.0144802835 |
|    clip_fraction        | 0.19         |
|    clip_range           | 0.2          |
|    entropy_loss         | -4.34        |
|    explained_variance   | 0.593        |
|    learning_rate        | 0.0003       |
|    loss                 | 1.41         |
|    n_updates            | 230          |
|    policy_gradient_loss | -0.0109      |
|    value_loss           | 1.87         |
------------------------------------------
-----------------------------------------
| time/                   |             |
|    fps                  | 78          |
|    iterations           | 25          |
|    time_elapsed         | 1297        |
|    total_timesteps      | 102400      |
| train/                  |             |
|    approx_kl            | 0.015278891 |
|    clip_fraction        | 0.199       |
|    clip_range           | 0.2         |
|    entropy_loss         | -4.29       |
|    explained_variance   | 0.733       |
|    learning_rate        | 0.0003      |
|    loss                 | 0.19        |
|    n_updates            | 240         |
|    policy_gradient_loss | -0.0126     |
|    value_loss           | 1.36        |
-----------------------------------------
----------------------------------------
| time/                   |            |
|    fps                  | 78         |
|    iterations           | 26         |
|    time_elapsed         | 1354       |
|    total_timesteps      | 106496     |
| train/                  |            |
|    approx_kl            | 0.01805979 |
|    clip_fraction        | 0.228      |
|    clip_range           | 0.2        |
|    entropy_loss         | -4.3       |
|    explained_variance   | 0.86       |
|    learning_rate        | 0.0003     |
|    loss                 | 0.746      |
|    n_updates            | 250        |
|    policy_gradient_loss | -0.0125    |
|    value_loss           | 1.77       |
----------------------------------------
---------------------------------------
| time/                   |           |
|    fps                  | 78        |
|    iterations           | 27        |
|    time_elapsed         | 1412      |
|    total_timesteps      | 110592    |
| train/                  |           |
|    approx_kl            | 0.0163293 |
|    clip_fraction        | 0.253     |
|    clip_range           | 0.2       |
|    entropy_loss         | -4.28     |
|    explained_variance   | 0.605     |
|    learning_rate        | 0.0003    |
|    loss                 | 0.265     |
|    n_updates            | 260       |
|    policy_gradient_loss | -0.0114   |
|    value_loss           | 0.978     |
---------------------------------------
----------------------------------------
| time/                   |            |
|    fps                  | 78         |
|    iterations           | 28         |
|    time_elapsed         | 1468       |
|    total_timesteps      | 114688     |
| train/                  |            |
|    approx_kl            | 0.01811913 |
|    clip_fraction        | 0.276      |
|    clip_range           | 0.2        |
|    entropy_loss         | -4.29      |
|    explained_variance   | 0.894      |
|    learning_rate        | 0.0003     |
|    loss                 | -0.00514   |
|    n_updates            | 270        |
|    policy_gradient_loss | -0.0201    |
|    value_loss           | 0.0808     |
----------------------------------------
-----------------------------------------
| time/                   |             |
|    fps                  | 77          |
|    iterations           | 29          |
|    time_elapsed         | 1524        |
|    total_timesteps      | 118784      |
| train/                  |             |
|    approx_kl            | 0.012005095 |
|    clip_fraction        | 0.168       |
|    clip_range           | 0.2         |
|    entropy_loss         | -4.26       |
|    explained_variance   | 0.671       |
|    learning_rate        | 0.0003      |
|    loss                 | 1.24        |
|    n_updates            | 280         |
|    policy_gradient_loss | -0.0122     |
|    value_loss           | 1.1         |
-----------------------------------------
-----------------------------------------
| time/                   |             |
|    fps                  | 77          |
|    iterations           | 30          |
|    time_elapsed         | 1580        |
|    total_timesteps      | 122880      |
| train/                  |             |
|    approx_kl            | 0.009617503 |
|    clip_fraction        | 0.0668      |
|    clip_range           | 0.2         |
|    entropy_loss         | -4.27       |
|    explained_variance   | 0.515       |
|    learning_rate        | 0.0003      |
|    loss                 | 0.0783      |
|    n_updates            | 290         |
|    policy_gradient_loss | -0.00922    |
|    value_loss           | 2.54        |
-----------------------------------------
-----------------------------------------
| time/                   |             |
|    fps                  | 77          |
|    iterations           | 31          |
|    time_elapsed         | 1635        |
|    total_timesteps      | 126976      |
| train/                  |             |
|    approx_kl            | 0.012146097 |
|    clip_fraction        | 0.17        |
|    clip_range           | 0.2         |
|    entropy_loss         | -4.26       |
|    explained_variance   | 0.633       |
|    learning_rate        | 0.0003      |
|    loss                 | 1.04        |
|    n_updates            | 300         |
|    policy_gradient_loss | -0.0115     |
|    value_loss           | 1.71        |
-----------------------------------------
-----------------------------------------
| time/                   |             |
|    fps                  | 77          |
|    iterations           | 32          |
|    time_elapsed         | 1690        |
|    total_timesteps      | 131072      |
| train/                  |             |
|    approx_kl            | 0.015013343 |
|    clip_fraction        | 0.253       |
|    clip_range           | 0.2         |
|    entropy_loss         | -4.23       |
|    explained_variance   | 0.61        |
|    learning_rate        | 0.0003      |
|    loss                 | 0.0704      |
|    n_updates            | 310         |
|    policy_gradient_loss | -0.0118     |
|    value_loss           | 0.341       |
-----------------------------------------
-----------------------------------------
| time/                   |             |
|    fps                  | 77          |
|    iterations           | 33          |
|    time_elapsed         | 1747        |
|    total_timesteps      | 135168      |
| train/                  |             |
|    approx_kl            | 0.013292171 |
|    clip_fraction        | 0.21        |
|    clip_range           | 0.2         |
|    entropy_loss         | -4.25       |
|    explained_variance   | 0.583       |
|    learning_rate        | 0.0003      |
|    loss                 | 1.53        |
|    n_updates            | 320         |
|    policy_gradient_loss | -0.0147     |
|    value_loss           | 1.43        |
-----------------------------------------
-----------------------------------------
| time/                   |             |
|    fps                  | 77          |
|    iterations           | 34          |
|    time_elapsed         | 1803        |
|    total_timesteps      | 139264      |
| train/                  |             |
|    approx_kl            | 0.015836477 |
|    clip_fraction        | 0.284       |
|    clip_range           | 0.2         |
|    entropy_loss         | -4.2        |
|    explained_variance   | 0.824       |
|    learning_rate        | 0.0003      |
|    loss                 | 0.158       |
|    n_updates            | 330         |
|    policy_gradient_loss | -0.0105     |
|    value_loss           | 1.04        |
-----------------------------------------
-----------------------------------------
| time/                   |             |
|    fps                  | 77          |
|    iterations           | 35          |
|    time_elapsed         | 1860        |
|    total_timesteps      | 143360      |
| train/                  |             |
|    approx_kl            | 0.012573842 |
|    clip_fraction        | 0.162       |
|    clip_range           | 0.2         |
|    entropy_loss         | -4.21       |
|    explained_variance   | 0.437       |
|    learning_rate        | 0.0003      |
|    loss                 | 0.585       |
|    n_updates            | 340         |
|    policy_gradient_loss | -0.0106     |
|    value_loss           | 2.42        |
-----------------------------------------
-----------------------------------------
| time/                   |             |
|    fps                  | 76          |
|    iterations           | 36          |
|    time_elapsed         | 1917        |
|    total_timesteps      | 147456      |
| train/                  |             |
|    approx_kl            | 0.012212242 |
|    clip_fraction        | 0.146       |
|    clip_range           | 0.2         |
|    entropy_loss         | -4.25       |
|    explained_variance   | 0.696       |
|    learning_rate        | 0.0003      |
|    loss                 | 0.674       |
|    n_updates            | 350         |
|    policy_gradient_loss | -0.0135     |
|    value_loss           | 2.41        |
-----------------------------------------
-----------------------------------------
| time/                   |             |
|    fps                  | 76          |
|    iterations           | 37          |
|    time_elapsed         | 1974        |
|    total_timesteps      | 151552      |
| train/                  |             |
|    approx_kl            | 0.016478391 |
|    clip_fraction        | 0.295       |
|    clip_range           | 0.2         |
|    entropy_loss         | -4.23       |
|    explained_variance   | 0.684       |
|    learning_rate        | 0.0003      |
|    loss                 | 0.928       |
|    n_updates            | 360         |
|    policy_gradient_loss | -0.00706    |
|    value_loss           | 0.856       |
-----------------------------------------
-----------------------------------------
| time/                   |             |
|    fps                  | 76          |
|    iterations           | 38          |
|    time_elapsed         | 2031        |
|    total_timesteps      | 155648      |
| train/                  |             |
|    approx_kl            | 0.019144852 |
|    clip_fraction        | 0.179       |
|    clip_range           | 0.2         |
|    entropy_loss         | -4.26       |
|    explained_variance   | 0.496       |
|    learning_rate        | 0.0003      |
|    loss                 | 0.507       |
|    n_updates            | 370         |
|    policy_gradient_loss | -0.00702    |
|    value_loss           | 2.15        |
-----------------------------------------
-----------------------------------------
| time/                   |             |
|    fps                  | 76          |
|    iterations           | 39          |
|    time_elapsed         | 2084        |
|    total_timesteps      | 159744      |
| train/                  |             |
|    approx_kl            | 0.018856723 |
|    clip_fraction        | 0.227       |
|    clip_range           | 0.2         |
|    entropy_loss         | -4.25       |
|    explained_variance   | 0.691       |
|    learning_rate        | 0.0003      |
|    loss                 | 0.203       |
|    n_updates            | 380         |
|    policy_gradient_loss | -0.00914    |
|    value_loss           | 1.12        |
-----------------------------------------
---------------------------------------
| time/                   |           |
|    fps                  | 76        |
|    iterations           | 40        |
|    time_elapsed         | 2139      |
|    total_timesteps      | 163840    |
| train/                  |           |
|    approx_kl            | 0.0149303 |
|    clip_fraction        | 0.224     |
|    clip_range           | 0.2       |
|    entropy_loss         | -4.21     |
|    explained_variance   | 0.62      |
|    learning_rate        | 0.0003    |
|    loss                 | 0.66      |
|    n_updates            | 390       |
|    policy_gradient_loss | -0.0144   |
|    value_loss           | 2.63      |
---------------------------------------
-----------------------------------------
| time/                   |             |
|    fps                  | 76          |
|    iterations           | 41          |
|    time_elapsed         | 2194        |
|    total_timesteps      | 167936      |
| train/                  |             |
|    approx_kl            | 0.017004289 |
|    clip_fraction        | 0.25        |
|    clip_range           | 0.2         |
|    entropy_loss         | -4.23       |
|    explained_variance   | 0.866       |
|    learning_rate        | 0.0003      |
|    loss                 | 0.383       |
|    n_updates            | 400         |
|    policy_gradient_loss | -0.0118     |
|    value_loss           | 1.44        |
-----------------------------------------
-----------------------------------------
| time/                   |             |
|    fps                  | 76          |
|    iterations           | 42          |
|    time_elapsed         | 2252        |
|    total_timesteps      | 172032      |
| train/                  |             |
|    approx_kl            | 0.017921086 |
|    clip_fraction        | 0.274       |
|    clip_range           | 0.2         |
|    entropy_loss         | -4.18       |
|    explained_variance   | 0.886       |
|    learning_rate        | 0.0003      |
|    loss                 | 0.52        |
|    n_updates            | 410         |
|    policy_gradient_loss | -0.0135     |
|    value_loss           | 0.721       |
-----------------------------------------
-----------------------------------------
| time/                   |             |
|    fps                  | 76          |
|    iterations           | 43          |
|    time_elapsed         | 2306        |
|    total_timesteps      | 176128      |
| train/                  |             |
|    approx_kl            | 0.013498374 |
|    clip_fraction        | 0.189       |
|    clip_range           | 0.2         |
|    entropy_loss         | -4.18       |
|    explained_variance   | 0.746       |
|    learning_rate        | 0.0003      |
|    loss                 | 0.791       |
|    n_updates            | 420         |
|    policy_gradient_loss | -0.0167     |
|    value_loss           | 1.68        |
-----------------------------------------
-----------------------------------------
| time/                   |             |
|    fps                  | 76          |
|    iterations           | 44          |
|    time_elapsed         | 2360        |
|    total_timesteps      | 180224      |
| train/                  |             |
|    approx_kl            | 0.017676532 |
|    clip_fraction        | 0.316       |
|    clip_range           | 0.2         |
|    entropy_loss         | -4.18       |
|    explained_variance   | 0.567       |
|    learning_rate        | 0.0003      |
|    loss                 | 0.162       |
|    n_updates            | 430         |
|    policy_gradient_loss | -0.00952    |
|    value_loss           | 1.74        |
-----------------------------------------
-----------------------------------------
| time/                   |             |
|    fps                  | 76          |
|    iterations           | 45          |
|    time_elapsed         | 2414        |
|    total_timesteps      | 184320      |
| train/                  |             |
|    approx_kl            | 0.016651254 |
|    clip_fraction        | 0.265       |
|    clip_range           | 0.2         |
|    entropy_loss         | -4.17       |
|    explained_variance   | 0.858       |
|    learning_rate        | 0.0003      |
|    loss                 | 0.0851      |
|    n_updates            | 440         |
|    policy_gradient_loss | -0.0101     |
|    value_loss           | 0.426       |
-----------------------------------------
-----------------------------------------
| time/                   |             |
|    fps                  | 76          |
|    iterations           | 46          |
|    time_elapsed         | 2467        |
|    total_timesteps      | 188416      |
| train/                  |             |
|    approx_kl            | 0.012753863 |
|    clip_fraction        | 0.127       |
|    clip_range           | 0.2         |
|    entropy_loss         | -4.18       |
|    explained_variance   | 0.821       |
|    learning_rate        | 0.0003      |
|    loss                 | 0.713       |
|    n_updates            | 450         |
|    policy_gradient_loss | -0.0109     |
|    value_loss           | 1.37        |
-----------------------------------------
-----------------------------------------
| time/                   |             |
|    fps                  | 76          |
|    iterations           | 47          |
|    time_elapsed         | 2521        |
|    total_timesteps      | 192512      |
| train/                  |             |
|    approx_kl            | 0.018765315 |
|    clip_fraction        | 0.244       |
|    clip_range           | 0.2         |
|    entropy_loss         | -4.16       |
|    explained_variance   | 0.785       |
|    learning_rate        | 0.0003      |
|    loss                 | 0.397       |
|    n_updates            | 460         |
|    policy_gradient_loss | -0.0094     |
|    value_loss           | 0.811       |
-----------------------------------------
-----------------------------------------
| time/                   |             |
|    fps                  | 76          |
|    iterations           | 48          |
|    time_elapsed         | 2578        |
|    total_timesteps      | 196608      |
| train/                  |             |
|    approx_kl            | 0.013576087 |
|    clip_fraction        | 0.187       |
|    clip_range           | 0.2         |
|    entropy_loss         | -4.19       |
|    explained_variance   | 0.884       |
|    learning_rate        | 0.0003      |
|    loss                 | 0.154       |
|    n_updates            | 470         |
|    policy_gradient_loss | -0.0149     |
|    value_loss           | 1.21        |
-----------------------------------------
-----------------------------------------
| time/                   |             |
|    fps                  | 76          |
|    iterations           | 49          |
|    time_elapsed         | 2637        |
|    total_timesteps      | 200704      |
| train/                  |             |
|    approx_kl            | 0.021043727 |
|    clip_fraction        | 0.344       |
|    clip_range           | 0.2         |
|    entropy_loss         | -4.09       |
|    explained_variance   | 0.606       |
|    learning_rate        | 0.0003      |
|    loss                 | -0.0236     |
|    n_updates            | 480         |
|    policy_gradient_loss | -0.0208     |
|    value_loss           | 0.0383      |
-----------------------------------------
-----------------------------------------
| time/                   |             |
|    fps                  | 76          |
|    iterations           | 50          |
|    time_elapsed         | 2692        |
|    total_timesteps      | 204800      |
| train/                  |             |
|    approx_kl            | 0.016693808 |
|    clip_fraction        | 0.263       |
|    clip_range           | 0.2         |
|    entropy_loss         | -4.06       |
|    explained_variance   | 0.824       |
|    learning_rate        | 0.0003      |
|    loss                 | 0.0284      |
|    n_updates            | 490         |
|    policy_gradient_loss | -0.0197     |
|    value_loss           | 0.082       |
-----------------------------------------
-----------------------------------------
| time/                   |             |
|    fps                  | 75          |
|    iterations           | 51          |
|    time_elapsed         | 2750        |
|    total_timesteps      | 208896      |
| train/                  |             |
|    approx_kl            | 0.015723504 |
|    clip_fraction        | 0.185       |
|    clip_range           | 0.2         |
|    entropy_loss         | -3.95       |
|    explained_variance   | 0.723       |
|    learning_rate        | 0.0003      |
|    loss                 | 0.138       |
|    n_updates            | 500         |
|    policy_gradient_loss | -0.0125     |
|    value_loss           | 0.672       |
-----------------------------------------
-----------------------------------------
| time/                   |             |
|    fps                  | 75          |
|    iterations           | 52          |
|    time_elapsed         | 2807        |
|    total_timesteps      | 212992      |
| train/                  |             |
|    approx_kl            | 0.015125563 |
|    clip_fraction        | 0.245       |
|    clip_range           | 0.2         |
|    entropy_loss         | -3.88       |
|    explained_variance   | 0.329       |
|    learning_rate        | 0.0003      |
|    loss                 | 0.000616    |
|    n_updates            | 510         |
|    policy_gradient_loss | -0.0151     |
|    value_loss           | 0.243       |
-----------------------------------------
----------------------------------------
| time/                   |            |
|    fps                  | 75         |
|    iterations           | 53         |
|    time_elapsed         | 2867       |
|    total_timesteps      | 217088     |
| train/                  |            |
|    approx_kl            | 0.02133264 |
|    clip_fraction        | 0.213      |
|    clip_range           | 0.2        |
|    entropy_loss         | -3.82      |
|    explained_variance   | 0.386      |
|    learning_rate        | 0.0003     |
|    loss                 | 0.0872     |
|    n_updates            | 520        |
|    policy_gradient_loss | -0.00807   |
|    value_loss           | 0.642      |
----------------------------------------
-----------------------------------------
| time/                   |             |
|    fps                  | 75          |
|    iterations           | 54          |
|    time_elapsed         | 2926        |
|    total_timesteps      | 221184      |
| train/                  |             |
|    approx_kl            | 0.010301769 |
|    clip_fraction        | 0.0944      |
|    clip_range           | 0.2         |
|    entropy_loss         | -3.8        |
|    explained_variance   | 0.69        |
|    learning_rate        | 0.0003      |
|    loss                 | 0.303       |
|    n_updates            | 530         |
|    policy_gradient_loss | -0.0095     |
|    value_loss           | 1.68        |
-----------------------------------------
-----------------------------------------
| time/                   |             |
|    fps                  | 75          |
|    iterations           | 55          |
|    time_elapsed         | 2986        |
|    total_timesteps      | 225280      |
| train/                  |             |
|    approx_kl            | 0.014179308 |
|    clip_fraction        | 0.11        |
|    clip_range           | 0.2         |
|    entropy_loss         | -3.8        |
|    explained_variance   | 0.33        |
|    learning_rate        | 0.0003      |
|    loss                 | 1.17        |
|    n_updates            | 540         |
|    policy_gradient_loss | -0.0109     |
|    value_loss           | 1.9         |
-----------------------------------------
-----------------------------------------
| time/                   |             |
|    fps                  | 75          |
|    iterations           | 56          |
|    time_elapsed         | 3045        |
|    total_timesteps      | 229376      |
| train/                  |             |
|    approx_kl            | 0.010849609 |
|    clip_fraction        | 0.127       |
|    clip_range           | 0.2         |
|    entropy_loss         | -3.76       |
|    explained_variance   | 0.566       |
|    learning_rate        | 0.0003      |
|    loss                 | 2.47        |
|    n_updates            | 550         |
|    policy_gradient_loss | -0.0161     |
|    value_loss           | 5.83        |
-----------------------------------------
----------------------------------------
| time/                   |            |
|    fps                  | 75         |
|    iterations           | 57         |
|    time_elapsed         | 3106       |
|    total_timesteps      | 233472     |
| train/                  |            |
|    approx_kl            | 0.01974138 |
|    clip_fraction        | 0.216      |
|    clip_range           | 0.2        |
|    entropy_loss         | -3.78      |
|    explained_variance   | 0.645      |
|    learning_rate        | 0.0003     |
|    loss                 | 0.378      |
|    n_updates            | 560        |
|    policy_gradient_loss | -0.0127    |
|    value_loss           | 2.31       |
----------------------------------------
-----------------------------------------
| time/                   |             |
|    fps                  | 75          |
|    iterations           | 58          |
|    time_elapsed         | 3164        |
|    total_timesteps      | 237568      |
| train/                  |             |
|    approx_kl            | 0.015666803 |
|    clip_fraction        | 0.217       |
|    clip_range           | 0.2         |
|    entropy_loss         | -3.8        |
|    explained_variance   | 0.481       |
|    learning_rate        | 0.0003      |
|    loss                 | 0.249       |
|    n_updates            | 570         |
|    policy_gradient_loss | -0.0121     |
|    value_loss           | 1.24        |
-----------------------------------------
-----------------------------------------
| time/                   |             |
|    fps                  | 74          |
|    iterations           | 59          |
|    time_elapsed         | 3224        |
|    total_timesteps      | 241664      |
| train/                  |             |
|    approx_kl            | 0.025417197 |
|    clip_fraction        | 0.294       |
|    clip_range           | 0.2         |
|    entropy_loss         | -3.78       |
|    explained_variance   | 0.583       |
|    learning_rate        | 0.0003      |
|    loss                 | 2.9         |
|    n_updates            | 580         |
|    policy_gradient_loss | -0.00614    |
|    value_loss           | 0.992       |
-----------------------------------------
-----------------------------------------
| time/                   |             |
|    fps                  | 74          |
|    iterations           | 60          |
|    time_elapsed         | 3283        |
|    total_timesteps      | 245760      |
| train/                  |             |
|    approx_kl            | 0.014158683 |
|    clip_fraction        | 0.216       |
|    clip_range           | 0.2         |
|    entropy_loss         | -3.8        |
|    explained_variance   | 0.733       |
|    learning_rate        | 0.0003      |
|    loss                 | 1.49        |
|    n_updates            | 590         |
|    policy_gradient_loss | -0.0164     |
|    value_loss           | 2.09        |
-----------------------------------------
-----------------------------------------
| time/                   |             |
|    fps                  | 74          |
|    iterations           | 61          |
|    time_elapsed         | 3345        |
|    total_timesteps      | 249856      |
| train/                  |             |
|    approx_kl            | 0.017204914 |
|    clip_fraction        | 0.232       |
|    clip_range           | 0.2         |
|    entropy_loss         | -3.8        |
|    explained_variance   | 0.751       |
|    learning_rate        | 0.0003      |
|    loss                 | 1.32        |
|    n_updates            | 600         |
|    policy_gradient_loss | -0.0151     |
|    value_loss           | 1.96        |
-----------------------------------------
-----------------------------------------
| time/                   |             |
|    fps                  | 74          |
|    iterations           | 62          |
|    time_elapsed         | 3406        |
|    total_timesteps      | 253952      |
| train/                  |             |
|    approx_kl            | 0.017163612 |
|    clip_fraction        | 0.19        |
|    clip_range           | 0.2         |
|    entropy_loss         | -3.8        |
|    explained_variance   | 0.699       |
|    learning_rate        | 0.0003      |
|    loss                 | 0.583       |
|    n_updates            | 610         |
|    policy_gradient_loss | -0.0141     |
|    value_loss           | 2.67        |
-----------------------------------------
-----------------------------------------
| time/                   |             |
|    fps                  | 74          |
|    iterations           | 63          |
|    time_elapsed         | 3466        |
|    total_timesteps      | 258048      |
| train/                  |             |
|    approx_kl            | 0.023946317 |
|    clip_fraction        | 0.233       |
|    clip_range           | 0.2         |
|    entropy_loss         | -3.84       |
|    explained_variance   | 0.522       |
|    learning_rate        | 0.0003      |
|    loss                 | 2.28        |
|    n_updates            | 620         |
|    policy_gradient_loss | -0.0135     |
|    value_loss           | 4.6         |
-----------------------------------------
-----------------------------------------
| time/                   |             |
|    fps                  | 74          |
|    iterations           | 64          |
|    time_elapsed         | 3524        |
|    total_timesteps      | 262144      |
| train/                  |             |
|    approx_kl            | 0.019016903 |
|    clip_fraction        | 0.24        |
|    clip_range           | 0.2         |
|    entropy_loss         | -3.87       |
|    explained_variance   | 0.768       |
|    learning_rate        | 0.0003      |
|    loss                 | 0.424       |
|    n_updates            | 630         |
|    policy_gradient_loss | -0.01       |
|    value_loss           | 2.13        |
-----------------------------------------
-----------------------------------------
| time/                   |             |
|    fps                  | 74          |
|    iterations           | 65          |
|    time_elapsed         | 3586        |
|    total_timesteps      | 266240      |
| train/                  |             |
|    approx_kl            | 0.017759202 |
|    clip_fraction        | 0.301       |
|    clip_range           | 0.2         |
|    entropy_loss         | -3.78       |
|    explained_variance   | 0.619       |
|    learning_rate        | 0.0003      |
|    loss                 | 0.496       |
|    n_updates            | 640         |
|    policy_gradient_loss | -0.0116     |
|    value_loss           | 1.43        |
-----------------------------------------
-----------------------------------------
| time/                   |             |
|    fps                  | 74          |
|    iterations           | 66          |
|    time_elapsed         | 3647        |
|    total_timesteps      | 270336      |
| train/                  |             |
|    approx_kl            | 0.019507747 |
|    clip_fraction        | 0.213       |
|    clip_range           | 0.2         |
|    entropy_loss         | -3.76       |
|    explained_variance   | 0.487       |
|    learning_rate        | 0.0003      |
|    loss                 | 1.45        |
|    n_updates            | 650         |
|    policy_gradient_loss | -0.015      |
|    value_loss           | 1.7         |
-----------------------------------------
-----------------------------------------
| time/                   |             |
|    fps                  | 73          |
|    iterations           | 67          |
|    time_elapsed         | 3712        |
|    total_timesteps      | 274432      |
| train/                  |             |
|    approx_kl            | 0.021596696 |
|    clip_fraction        | 0.296       |
|    clip_range           | 0.2         |
|    entropy_loss         | -3.69       |
|    explained_variance   | 0.784       |
|    learning_rate        | 0.0003      |
|    loss                 | 0.22        |
|    n_updates            | 660         |
|    policy_gradient_loss | -0.0203     |
|    value_loss           | 0.405       |
-----------------------------------------
-----------------------------------------
| time/                   |             |
|    fps                  | 73          |
|    iterations           | 68          |
|    time_elapsed         | 3772        |
|    total_timesteps      | 278528      |
| train/                  |             |
|    approx_kl            | 0.010852573 |
|    clip_fraction        | 0.136       |
|    clip_range           | 0.2         |
|    entropy_loss         | -3.65       |
|    explained_variance   | 0.487       |
|    learning_rate        | 0.0003      |
|    loss                 | 1.23        |
|    n_updates            | 670         |
|    policy_gradient_loss | -0.0111     |
|    value_loss           | 3.36        |
-----------------------------------------
-----------------------------------------
| time/                   |             |
|    fps                  | 73          |
|    iterations           | 69          |
|    time_elapsed         | 3834        |
|    total_timesteps      | 282624      |
| train/                  |             |
|    approx_kl            | 0.018868078 |
|    clip_fraction        | 0.269       |
|    clip_range           | 0.2         |
|    entropy_loss         | -3.71       |
|    explained_variance   | 0.651       |
|    learning_rate        | 0.0003      |
|    loss                 | 0.212       |
|    n_updates            | 680         |
|    policy_gradient_loss | -0.0118     |
|    value_loss           | 0.828       |
-----------------------------------------
-----------------------------------------
| time/                   |             |
|    fps                  | 73          |
|    iterations           | 70          |
|    time_elapsed         | 3895        |
|    total_timesteps      | 286720      |
| train/                  |             |
|    approx_kl            | 0.014104702 |
|    clip_fraction        | 0.175       |
|    clip_range           | 0.2         |
|    entropy_loss         | -3.72       |
|    explained_variance   | 0.729       |
|    learning_rate        | 0.0003      |
|    loss                 | 1.46        |
|    n_updates            | 690         |
|    policy_gradient_loss | -0.0107     |
|    value_loss           | 2.01        |
-----------------------------------------
-----------------------------------------
| time/                   |             |
|    fps                  | 73          |
|    iterations           | 71          |
|    time_elapsed         | 3957        |
|    total_timesteps      | 290816      |
| train/                  |             |
|    approx_kl            | 0.021828696 |
|    clip_fraction        | 0.255       |
|    clip_range           | 0.2         |
|    entropy_loss         | -3.68       |
|    explained_variance   | 0.8         |
|    learning_rate        | 0.0003      |
|    loss                 | 0.581       |
|    n_updates            | 700         |
|    policy_gradient_loss | -0.0122     |
|    value_loss           | 1.03        |
-----------------------------------------
-----------------------------------------
| time/                   |             |
|    fps                  | 73          |
|    iterations           | 72          |
|    time_elapsed         | 4016        |
|    total_timesteps      | 294912      |
| train/                  |             |
|    approx_kl            | 0.013844983 |
|    clip_fraction        | 0.204       |
|    clip_range           | 0.2         |
|    entropy_loss         | -3.6        |
|    explained_variance   | 0.41        |
|    learning_rate        | 0.0003      |
|    loss                 | 1.14        |
|    n_updates            | 710         |
|    policy_gradient_loss | -0.0154     |
|    value_loss           | 4.15        |
-----------------------------------------
----------------------------------------
| time/                   |            |
|    fps                  | 73         |
|    iterations           | 73         |
|    time_elapsed         | 4079       |
|    total_timesteps      | 299008     |
| train/                  |            |
|    approx_kl            | 0.01752366 |
|    clip_fraction        | 0.223      |
|    clip_range           | 0.2        |
|    entropy_loss         | -3.63      |
|    explained_variance   | 0.551      |
|    learning_rate        | 0.0003     |
|    loss                 | 0.199      |
|    n_updates            | 720        |
|    policy_gradient_loss | -0.0174    |
|    value_loss           | 2.95       |
----------------------------------------
----------------------------------------
| time/                   |            |
|    fps                  | 73         |
|    iterations           | 74         |
|    time_elapsed         | 4136       |
|    total_timesteps      | 303104     |
| train/                  |            |
|    approx_kl            | 0.01723381 |
|    clip_fraction        | 0.225      |
|    clip_range           | 0.2        |
|    entropy_loss         | -3.58      |
|    explained_variance   | 0.732      |
|    learning_rate        | 0.0003     |
|    loss                 | 1.13       |
|    n_updates            | 730        |
|    policy_gradient_loss | -0.0145    |
|    value_loss           | 2.96       |
----------------------------------------
-----------------------------------------
| time/                   |             |
|    fps                  | 73          |
|    iterations           | 75          |
|    time_elapsed         | 4196        |
|    total_timesteps      | 307200      |
| train/                  |             |
|    approx_kl            | 0.020269603 |
|    clip_fraction        | 0.289       |
|    clip_range           | 0.2         |
|    entropy_loss         | -3.66       |
|    explained_variance   | 0.524       |
|    learning_rate        | 0.0003      |
|    loss                 | 1.6         |
|    n_updates            | 740         |
|    policy_gradient_loss | -0.0139     |
|    value_loss           | 2.13        |
-----------------------------------------
-----------------------------------------
| time/                   |             |
|    fps                  | 73          |
|    iterations           | 76          |
|    time_elapsed         | 4255        |
|    total_timesteps      | 311296      |
| train/                  |             |
|    approx_kl            | 0.023379367 |
|    clip_fraction        | 0.3         |
|    clip_range           | 0.2         |
|    entropy_loss         | -3.61       |
|    explained_variance   | 0.492       |
|    learning_rate        | 0.0003      |
|    loss                 | 0.525       |
|    n_updates            | 750         |
|    policy_gradient_loss | -0.0135     |
|    value_loss           | 1.54        |
-----------------------------------------
-----------------------------------------
| time/                   |             |
|    fps                  | 73          |
|    iterations           | 77          |
|    time_elapsed         | 4314        |
|    total_timesteps      | 315392      |
| train/                  |             |
|    approx_kl            | 0.017284319 |
|    clip_fraction        | 0.222       |
|    clip_range           | 0.2         |
|    entropy_loss         | -3.58       |
|    explained_variance   | 0.507       |
|    learning_rate        | 0.0003      |
|    loss                 | 0.926       |
|    n_updates            | 760         |
|    policy_gradient_loss | -0.0148     |
|    value_loss           | 3.21        |
-----------------------------------------
----------------------------------------
| time/                   |            |
|    fps                  | 73         |
|    iterations           | 78         |
|    time_elapsed         | 4374       |
|    total_timesteps      | 319488     |
| train/                  |            |
|    approx_kl            | 0.02272623 |
|    clip_fraction        | 0.328      |
|    clip_range           | 0.2        |
|    entropy_loss         | -3.59      |
|    explained_variance   | 0.725      |
|    learning_rate        | 0.0003     |
|    loss                 | 0.16       |
|    n_updates            | 770        |
|    policy_gradient_loss | -0.0127    |
|    value_loss           | 0.558      |
----------------------------------------
-----------------------------------------
| time/                   |             |
|    fps                  | 72          |
|    iterations           | 79          |
|    time_elapsed         | 4433        |
|    total_timesteps      | 323584      |
| train/                  |             |
|    approx_kl            | 0.017972594 |
|    clip_fraction        | 0.218       |
|    clip_range           | 0.2         |
|    entropy_loss         | -3.53       |
|    explained_variance   | 0.46        |
|    learning_rate        | 0.0003      |
|    loss                 | 1.49        |
|    n_updates            | 780         |
|    policy_gradient_loss | -0.0101     |
|    value_loss           | 1.38        |
-----------------------------------------
------------------------------------------
| time/                   |              |
|    fps                  | 72           |
|    iterations           | 80           |
|    time_elapsed         | 4492         |
|    total_timesteps      | 327680       |
| train/                  |              |
|    approx_kl            | 0.0148066515 |
|    clip_fraction        | 0.186        |
|    clip_range           | 0.2          |
|    entropy_loss         | -3.48        |
|    explained_variance   | 0.357        |
|    learning_rate        | 0.0003       |
|    loss                 | 0.851        |
|    n_updates            | 790          |
|    policy_gradient_loss | -0.0102      |
|    value_loss           | 4.39         |
------------------------------------------
-----------------------------------------
| time/                   |             |
|    fps                  | 72          |
|    iterations           | 81          |
|    time_elapsed         | 4558        |
|    total_timesteps      | 331776      |
| train/                  |             |
|    approx_kl            | 0.011570968 |
|    clip_fraction        | 0.124       |
|    clip_range           | 0.2         |
|    entropy_loss         | -3.45       |
|    explained_variance   | 0.233       |
|    learning_rate        | 0.0003      |
|    loss                 | 7.5         |
|    n_updates            | 800         |
|    policy_gradient_loss | -0.0158     |
|    value_loss           | 13.2        |
-----------------------------------------
-----------------------------------------
| time/                   |             |
|    fps                  | 72          |
|    iterations           | 82          |
|    time_elapsed         | 4616        |
|    total_timesteps      | 335872      |
| train/                  |             |
|    approx_kl            | 0.016892515 |
|    clip_fraction        | 0.221       |
|    clip_range           | 0.2         |
|    entropy_loss         | -3.52       |
|    explained_variance   | 0.491       |
|    learning_rate        | 0.0003      |
|    loss                 | 1.03        |
|    n_updates            | 810         |
|    policy_gradient_loss | -0.0138     |
|    value_loss           | 5.08        |
-----------------------------------------
-----------------------------------------
| time/                   |             |
|    fps                  | 72          |
|    iterations           | 83          |
|    time_elapsed         | 4674        |
|    total_timesteps      | 339968      |
| train/                  |             |
|    approx_kl            | 0.016074188 |
|    clip_fraction        | 0.235       |
|    clip_range           | 0.2         |
|    entropy_loss         | -3.62       |
|    explained_variance   | 0.428       |
|    learning_rate        | 0.0003      |
|    loss                 | 2.58        |
|    n_updates            | 820         |
|    policy_gradient_loss | -0.0213     |
|    value_loss           | 5.27        |
-----------------------------------------
-----------------------------------------
| time/                   |             |
|    fps                  | 72          |
|    iterations           | 84          |
|    time_elapsed         | 4737        |
|    total_timesteps      | 344064      |
| train/                  |             |
|    approx_kl            | 0.029788267 |
|    clip_fraction        | 0.351       |
|    clip_range           | 0.2         |
|    entropy_loss         | -3.64       |
|    explained_variance   | 0.623       |
|    learning_rate        | 0.0003      |
|    loss                 | 0.202       |
|    n_updates            | 830         |
|    policy_gradient_loss | -0.0154     |
|    value_loss           | 1.05        |
-----------------------------------------
-----------------------------------------
| time/                   |             |
|    fps                  | 72          |
|    iterations           | 85          |
|    time_elapsed         | 4797        |
|    total_timesteps      | 348160      |
| train/                  |             |
|    approx_kl            | 0.016756525 |
|    clip_fraction        | 0.223       |
|    clip_range           | 0.2         |
|    entropy_loss         | -3.67       |
|    explained_variance   | 0.169       |
|    learning_rate        | 0.0003      |
|    loss                 | 0.444       |
|    n_updates            | 840         |
|    policy_gradient_loss | -0.00997    |
|    value_loss           | 1.89        |
-----------------------------------------
-----------------------------------------
| time/                   |             |
|    fps                  | 72          |
|    iterations           | 86          |
|    time_elapsed         | 4858        |
|    total_timesteps      | 352256      |
| train/                  |             |
|    approx_kl            | 0.013688435 |
|    clip_fraction        | 0.208       |
|    clip_range           | 0.2         |
|    entropy_loss         | -3.66       |
|    explained_variance   | 0.511       |
|    learning_rate        | 0.0003      |
|    loss                 | 2.34        |
|    n_updates            | 850         |
|    policy_gradient_loss | -0.0127     |
|    value_loss           | 4.45        |
-----------------------------------------
-----------------------------------------
| time/                   |             |
|    fps                  | 72          |
|    iterations           | 87          |
|    time_elapsed         | 4915        |
|    total_timesteps      | 356352      |
| train/                  |             |
|    approx_kl            | 0.022318274 |
|    clip_fraction        | 0.305       |
|    clip_range           | 0.2         |
|    entropy_loss         | -3.69       |
|    explained_variance   | 0.579       |
|    learning_rate        | 0.0003      |
|    loss                 | 0.865       |
|    n_updates            | 860         |
|    policy_gradient_loss | -0.0173     |
|    value_loss           | 3.28        |
-----------------------------------------
----------------------------------------
| time/                   |            |
|    fps                  | 72         |
|    iterations           | 88         |
|    time_elapsed         | 4976       |
|    total_timesteps      | 360448     |
| train/                  |            |
|    approx_kl            | 0.02027294 |
|    clip_fraction        | 0.347      |
|    clip_range           | 0.2        |
|    entropy_loss         | -3.69      |
|    explained_variance   | 0.476      |
|    learning_rate        | 0.0003     |
|    loss                 | 0.593      |
|    n_updates            | 870        |
|    policy_gradient_loss | -0.0149    |
|    value_loss           | 1.22       |
----------------------------------------
----------------------------------------
| time/                   |            |
|    fps                  | 72         |
|    iterations           | 89         |
|    time_elapsed         | 5040       |
|    total_timesteps      | 364544     |
| train/                  |            |
|    approx_kl            | 0.02541053 |
|    clip_fraction        | 0.289      |
|    clip_range           | 0.2        |
|    entropy_loss         | -3.62      |
|    explained_variance   | 0.432      |
|    learning_rate        | 0.0003     |
|    loss                 | 0.348      |
|    n_updates            | 880        |
|    policy_gradient_loss | -0.0209    |
|    value_loss           | 2.11       |
----------------------------------------
-----------------------------------------
| time/                   |             |
|    fps                  | 72          |
|    iterations           | 90          |
|    time_elapsed         | 5099        |
|    total_timesteps      | 368640      |
| train/                  |             |
|    approx_kl            | 0.020788746 |
|    clip_fraction        | 0.322       |
|    clip_range           | 0.2         |
|    entropy_loss         | -3.59       |
|    explained_variance   | 0.266       |
|    learning_rate        | 0.0003      |
|    loss                 | 0.0796      |
|    n_updates            | 890         |
|    policy_gradient_loss | -0.0176     |
|    value_loss           | 1.26        |
-----------------------------------------
-----------------------------------------
| time/                   |             |
|    fps                  | 72          |
|    iterations           | 91          |
|    time_elapsed         | 5162        |
|    total_timesteps      | 372736      |
| train/                  |             |
|    approx_kl            | 0.017460492 |
|    clip_fraction        | 0.264       |
|    clip_range           | 0.2         |
|    entropy_loss         | -3.54       |
|    explained_variance   | 0.114       |
|    learning_rate        | 0.0003      |
|    loss                 | 3.93        |
|    n_updates            | 900         |
|    policy_gradient_loss | -0.0143     |
|    value_loss           | 8.01        |
-----------------------------------------
-----------------------------------------
| time/                   |             |
|    fps                  | 72          |
|    iterations           | 92          |
|    time_elapsed         | 5225        |
|    total_timesteps      | 376832      |
| train/                  |             |
|    approx_kl            | 0.014734291 |
|    clip_fraction        | 0.209       |
|    clip_range           | 0.2         |
|    entropy_loss         | -3.5        |
|    explained_variance   | 0.351       |
|    learning_rate        | 0.0003      |
|    loss                 | 2.24        |
|    n_updates            | 910         |
|    policy_gradient_loss | -0.0161     |
|    value_loss           | 4.14        |
-----------------------------------------
-----------------------------------------
| time/                   |             |
|    fps                  | 72          |
|    iterations           | 93          |
|    time_elapsed         | 5289        |
|    total_timesteps      | 380928      |
| train/                  |             |
|    approx_kl            | 0.015644997 |
|    clip_fraction        | 0.195       |
|    clip_range           | 0.2         |
|    entropy_loss         | -3.4        |
|    explained_variance   | 0.393       |
|    learning_rate        | 0.0003      |
|    loss                 | 2.09        |
|    n_updates            | 920         |
|    policy_gradient_loss | -0.0143     |
|    value_loss           | 5.72        |
-----------------------------------------
----------------------------------------
| time/                   |            |
|    fps                  | 71         |
|    iterations           | 94         |
|    time_elapsed         | 5353       |
|    total_timesteps      | 385024     |
| train/                  |            |
|    approx_kl            | 0.01887121 |
|    clip_fraction        | 0.239      |
|    clip_range           | 0.2        |
|    entropy_loss         | -3.46      |
|    explained_variance   | 0.499      |
|    learning_rate        | 0.0003     |
|    loss                 | 0.421      |
|    n_updates            | 930        |
|    policy_gradient_loss | -0.0195    |
|    value_loss           | 3.51       |
----------------------------------------
-----------------------------------------
| time/                   |             |
|    fps                  | 71          |
|    iterations           | 95          |
|    time_elapsed         | 5416        |
|    total_timesteps      | 389120      |
| train/                  |             |
|    approx_kl            | 0.019486375 |
|    clip_fraction        | 0.201       |
|    clip_range           | 0.2         |
|    entropy_loss         | -3.4        |
|    explained_variance   | 0.501       |
|    learning_rate        | 0.0003      |
|    loss                 | 2.26        |
|    n_updates            | 940         |
|    policy_gradient_loss | -0.0153     |
|    value_loss           | 8.51        |
-----------------------------------------
-----------------------------------------
| time/                   |             |
|    fps                  | 71          |
|    iterations           | 96          |
|    time_elapsed         | 5481        |
|    total_timesteps      | 393216      |
| train/                  |             |
|    approx_kl            | 0.021679174 |
|    clip_fraction        | 0.257       |
|    clip_range           | 0.2         |
|    entropy_loss         | -3.5        |
|    explained_variance   | 0.598       |
|    learning_rate        | 0.0003      |
|    loss                 | 0.499       |
|    n_updates            | 950         |
|    policy_gradient_loss | -0.0164     |
|    value_loss           | 4.07        |
-----------------------------------------
-----------------------------------------
| time/                   |             |
|    fps                  | 71          |
|    iterations           | 97          |
|    time_elapsed         | 5543        |
|    total_timesteps      | 397312      |
| train/                  |             |
|    approx_kl            | 0.021302927 |
|    clip_fraction        | 0.198       |
|    clip_range           | 0.2         |
|    entropy_loss         | -3.47       |
|    explained_variance   | 0.597       |
|    learning_rate        | 0.0003      |
|    loss                 | 2.98        |
|    n_updates            | 960         |
|    policy_gradient_loss | -0.0196     |
|    value_loss           | 5.01        |
-----------------------------------------
-----------------------------------------
| time/                   |             |
|    fps                  | 71          |
|    iterations           | 98          |
|    time_elapsed         | 5602        |
|    total_timesteps      | 401408      |
| train/                  |             |
|    approx_kl            | 0.023901165 |
|    clip_fraction        | 0.311       |
|    clip_range           | 0.2         |
|    entropy_loss         | -3.38       |
|    explained_variance   | 0.711       |
|    learning_rate        | 0.0003      |
|    loss                 | 0.474       |
|    n_updates            | 970         |
|    policy_gradient_loss | -0.0149     |
|    value_loss           | 1.04        |
-----------------------------------------
-----------------------------------------
| time/                   |             |
|    fps                  | 71          |
|    iterations           | 99          |
|    time_elapsed         | 5665        |
|    total_timesteps      | 405504      |
| train/                  |             |
|    approx_kl            | 0.023458973 |
|    clip_fraction        | 0.27        |
|    clip_range           | 0.2         |
|    entropy_loss         | -3.41       |
|    explained_variance   | 0.547       |
|    learning_rate        | 0.0003      |
|    loss                 | 0.614       |
|    n_updates            | 980         |
|    policy_gradient_loss | -0.0163     |
|    value_loss           | 3.59        |
-----------------------------------------
-----------------------------------------
| time/                   |             |
|    fps                  | 71          |
|    iterations           | 100         |
|    time_elapsed         | 5729        |
|    total_timesteps      | 409600      |
| train/                  |             |
|    approx_kl            | 0.011077715 |
|    clip_fraction        | 0.156       |
|    clip_range           | 0.2         |
|    entropy_loss         | -3.35       |
|    explained_variance   | 0.32        |
|    learning_rate        | 0.0003      |
|    loss                 | 8.37        |
|    n_updates            | 990         |
|    policy_gradient_loss | -0.00998    |
|    value_loss           | 8.34        |
-----------------------------------------
-----------------------------------------
| time/                   |             |
|    fps                  | 71          |
|    iterations           | 101         |
|    time_elapsed         | 5794        |
|    total_timesteps      | 413696      |
| train/                  |             |
|    approx_kl            | 0.012335859 |
|    clip_fraction        | 0.178       |
|    clip_range           | 0.2         |
|    entropy_loss         | -3.36       |
|    explained_variance   | 0.25        |
|    learning_rate        | 0.0003      |
|    loss                 | 1.52        |
|    n_updates            | 1000        |
|    policy_gradient_loss | -0.0155     |
|    value_loss           | 7.2         |
-----------------------------------------
-----------------------------------------
| time/                   |             |
|    fps                  | 71          |
|    iterations           | 102         |
|    time_elapsed         | 5858        |
|    total_timesteps      | 417792      |
| train/                  |             |
|    approx_kl            | 0.024618926 |
|    clip_fraction        | 0.278       |
|    clip_range           | 0.2         |
|    entropy_loss         | -3.52       |
|    explained_variance   | 0.392       |
|    learning_rate        | 0.0003      |
|    loss                 | 0.752       |
|    n_updates            | 1010        |
|    policy_gradient_loss | -0.014      |
|    value_loss           | 3.94        |
-----------------------------------------
----------------------------------------
| time/                   |            |
|    fps                  | 71         |
|    iterations           | 103        |
|    time_elapsed         | 5923       |
|    total_timesteps      | 421888     |
| train/                  |            |
|    approx_kl            | 0.02289813 |
|    clip_fraction        | 0.315      |
|    clip_range           | 0.2        |
|    entropy_loss         | -3.48      |
|    explained_variance   | 0.549      |
|    learning_rate        | 0.0003     |
|    loss                 | 0.195      |
|    n_updates            | 1020       |
|    policy_gradient_loss | -0.0185    |
|    value_loss           | 1.62       |
----------------------------------------
-----------------------------------------
| time/                   |             |
|    fps                  | 71          |
|    iterations           | 104         |
|    time_elapsed         | 5986        |
|    total_timesteps      | 425984      |
| train/                  |             |
|    approx_kl            | 0.018945575 |
|    clip_fraction        | 0.268       |
|    clip_range           | 0.2         |
|    entropy_loss         | -3.5        |
|    explained_variance   | 0.456       |
|    learning_rate        | 0.0003      |
|    loss                 | 3.69        |
|    n_updates            | 1030        |
|    policy_gradient_loss | -0.0178     |
|    value_loss           | 3.58        |
-----------------------------------------
-----------------------------------------
| time/                   |             |
|    fps                  | 71          |
|    iterations           | 105         |
|    time_elapsed         | 6052        |
|    total_timesteps      | 430080      |
| train/                  |             |
|    approx_kl            | 0.014417051 |
|    clip_fraction        | 0.16        |
|    clip_range           | 0.2         |
|    entropy_loss         | -3.47       |
|    explained_variance   | 0.435       |
|    learning_rate        | 0.0003      |
|    loss                 | 0.982       |
|    n_updates            | 1040        |
|    policy_gradient_loss | -0.0164     |
|    value_loss           | 6.28        |
-----------------------------------------
-----------------------------------------
| time/                   |             |
|    fps                  | 71          |
|    iterations           | 106         |
|    time_elapsed         | 6110        |
|    total_timesteps      | 434176      |
| train/                  |             |
|    approx_kl            | 0.014620372 |
|    clip_fraction        | 0.209       |
|    clip_range           | 0.2         |
|    entropy_loss         | -3.48       |
|    explained_variance   | 0.658       |
|    learning_rate        | 0.0003      |
|    loss                 | 1.14        |
|    n_updates            | 1050        |
|    policy_gradient_loss | -0.0149     |
|    value_loss           | 5.83        |
-----------------------------------------
----------------------------------------
| time/                   |            |
|    fps                  | 71         |
|    iterations           | 107        |
|    time_elapsed         | 6171       |
|    total_timesteps      | 438272     |
| train/                  |            |
|    approx_kl            | 0.02150564 |
|    clip_fraction        | 0.302      |
|    clip_range           | 0.2        |
|    entropy_loss         | -3.41      |
|    explained_variance   | 0.429      |
|    learning_rate        | 0.0003     |
|    loss                 | 2.23       |
|    n_updates            | 1060       |
|    policy_gradient_loss | -0.0106    |
|    value_loss           | 8.56       |
----------------------------------------
-----------------------------------------
| time/                   |             |
|    fps                  | 70          |
|    iterations           | 108         |
|    time_elapsed         | 6236        |
|    total_timesteps      | 442368      |
| train/                  |             |
|    approx_kl            | 0.021055743 |
|    clip_fraction        | 0.228       |
|    clip_range           | 0.2         |
|    entropy_loss         | -3.37       |
|    explained_variance   | 0.497       |
|    learning_rate        | 0.0003      |
|    loss                 | 6.93        |
|    n_updates            | 1070        |
|    policy_gradient_loss | -0.0122     |
|    value_loss           | 10.7        |
-----------------------------------------
----------------------------------------
| time/                   |            |
|    fps                  | 70         |
|    iterations           | 109        |
|    time_elapsed         | 6303       |
|    total_timesteps      | 446464     |
| train/                  |            |
|    approx_kl            | 0.01983118 |
|    clip_fraction        | 0.228      |
|    clip_range           | 0.2        |
|    entropy_loss         | -3.36      |
|    explained_variance   | 0.461      |
|    learning_rate        | 0.0003     |
|    loss                 | 2.65       |
|    n_updates            | 1080       |
|    policy_gradient_loss | -0.0193    |
|    value_loss           | 6.04       |
----------------------------------------
-----------------------------------------
| time/                   |             |
|    fps                  | 70          |
|    iterations           | 110         |
|    time_elapsed         | 6367        |
|    total_timesteps      | 450560      |
| train/                  |             |
|    approx_kl            | 0.020280123 |
|    clip_fraction        | 0.218       |
|    clip_range           | 0.2         |
|    entropy_loss         | -3.3        |
|    explained_variance   | 0.448       |
|    learning_rate        | 0.0003      |
|    loss                 | 2.54        |
|    n_updates            | 1090        |
|    policy_gradient_loss | -0.0186     |
|    value_loss           | 7.62        |
-----------------------------------------
-----------------------------------------
| time/                   |             |
|    fps                  | 70          |
|    iterations           | 111         |
|    time_elapsed         | 6430        |
|    total_timesteps      | 454656      |
| train/                  |             |
|    approx_kl            | 0.020531569 |
|    clip_fraction        | 0.301       |
|    clip_range           | 0.2         |
|    entropy_loss         | -3.33       |
|    explained_variance   | 0.593       |
|    learning_rate        | 0.0003      |
|    loss                 | 0.906       |
|    n_updates            | 1100        |
|    policy_gradient_loss | -0.0203     |
|    value_loss           | 3.4         |
-----------------------------------------
-----------------------------------------
| time/                   |             |
|    fps                  | 70          |
|    iterations           | 112         |
|    time_elapsed         | 6493        |
|    total_timesteps      | 458752      |
| train/                  |             |
|    approx_kl            | 0.019313477 |
|    clip_fraction        | 0.277       |
|    clip_range           | 0.2         |
|    entropy_loss         | -3.41       |
|    explained_variance   | 0.503       |
|    learning_rate        | 0.0003      |
|    loss                 | 2.48        |
|    n_updates            | 1110        |
|    policy_gradient_loss | -0.0162     |
|    value_loss           | 5.17        |
-----------------------------------------
-----------------------------------------
| time/                   |             |
|    fps                  | 70          |
|    iterations           | 113         |
|    time_elapsed         | 6554        |
|    total_timesteps      | 462848      |
| train/                  |             |
|    approx_kl            | 0.021057233 |
|    clip_fraction        | 0.286       |
|    clip_range           | 0.2         |
|    entropy_loss         | -3.39       |
|    explained_variance   | 0.657       |
|    learning_rate        | 0.0003      |
|    loss                 | 0.871       |
|    n_updates            | 1120        |
|    policy_gradient_loss | -0.017      |
|    value_loss           | 3.84        |
-----------------------------------------
-----------------------------------------
| time/                   |             |
|    fps                  | 70          |
|    iterations           | 114         |
|    time_elapsed         | 6616        |
|    total_timesteps      | 466944      |
| train/                  |             |
|    approx_kl            | 0.029272538 |
|    clip_fraction        | 0.373       |
|    clip_range           | 0.2         |
|    entropy_loss         | -3.35       |
|    explained_variance   | 0.736       |
|    learning_rate        | 0.0003      |
|    loss                 | 0.409       |
|    n_updates            | 1130        |
|    policy_gradient_loss | -0.0172     |
|    value_loss           | 1.54        |
-----------------------------------------
-----------------------------------------
| time/                   |             |
|    fps                  | 70          |
|    iterations           | 115         |
|    time_elapsed         | 6682        |
|    total_timesteps      | 471040      |
| train/                  |             |
|    approx_kl            | 0.014179731 |
|    clip_fraction        | 0.23        |
|    clip_range           | 0.2         |
|    entropy_loss         | -3.32       |
|    explained_variance   | 0.562       |
|    learning_rate        | 0.0003      |
|    loss                 | 0.432       |
|    n_updates            | 1140        |
|    policy_gradient_loss | -0.013      |
|    value_loss           | 2.75        |
-----------------------------------------
-----------------------------------------
| time/                   |             |
|    fps                  | 70          |
|    iterations           | 116         |
|    time_elapsed         | 6745        |
|    total_timesteps      | 475136      |
| train/                  |             |
|    approx_kl            | 0.017853342 |
|    clip_fraction        | 0.206       |
|    clip_range           | 0.2         |
|    entropy_loss         | -3.25       |
|    explained_variance   | 0.456       |
|    learning_rate        | 0.0003      |
|    loss                 | 1.64        |
|    n_updates            | 1150        |
|    policy_gradient_loss | -0.0163     |
|    value_loss           | 6.51        |
-----------------------------------------
-----------------------------------------
| time/                   |             |
|    fps                  | 70          |
|    iterations           | 117         |
|    time_elapsed         | 6806        |
|    total_timesteps      | 479232      |
| train/                  |             |
|    approx_kl            | 0.027411044 |
|    clip_fraction        | 0.267       |
|    clip_range           | 0.2         |
|    entropy_loss         | -3.31       |
|    explained_variance   | 0.558       |
|    learning_rate        | 0.0003      |
|    loss                 | 0.62        |
|    n_updates            | 1160        |
|    policy_gradient_loss | -0.0128     |
|    value_loss           | 3.87        |
-----------------------------------------
-----------------------------------------
| time/                   |             |
|    fps                  | 70          |
|    iterations           | 118         |
|    time_elapsed         | 6867        |
|    total_timesteps      | 483328      |
| train/                  |             |
|    approx_kl            | 0.021246854 |
|    clip_fraction        | 0.258       |
|    clip_range           | 0.2         |
|    entropy_loss         | -3.31       |
|    explained_variance   | 0.455       |
|    learning_rate        | 0.0003      |
|    loss                 | 2.06        |
|    n_updates            | 1170        |
|    policy_gradient_loss | -0.01       |
|    value_loss           | 4.97        |
-----------------------------------------
-----------------------------------------
| time/                   |             |
|    fps                  | 70          |
|    iterations           | 119         |
|    time_elapsed         | 6930        |
|    total_timesteps      | 487424      |
| train/                  |             |
|    approx_kl            | 0.017650668 |
|    clip_fraction        | 0.227       |
|    clip_range           | 0.2         |
|    entropy_loss         | -3.34       |
|    explained_variance   | 0.637       |
|    learning_rate        | 0.0003      |
|    loss                 | 1.01        |
|    n_updates            | 1180        |
|    policy_gradient_loss | -0.0152     |
|    value_loss           | 3.01        |
-----------------------------------------
-----------------------------------------
| time/                   |             |
|    fps                  | 70          |
|    iterations           | 120         |
|    time_elapsed         | 6997        |
|    total_timesteps      | 491520      |
| train/                  |             |
|    approx_kl            | 0.012495952 |
|    clip_fraction        | 0.186       |
|    clip_range           | 0.2         |
|    entropy_loss         | -3.18       |
|    explained_variance   | 0.399       |
|    learning_rate        | 0.0003      |
|    loss                 | 1.96        |
|    n_updates            | 1190        |
|    policy_gradient_loss | -0.0128     |
|    value_loss           | 9.09        |
-----------------------------------------
-----------------------------------------
| time/                   |             |
|    fps                  | 70          |
|    iterations           | 121         |
|    time_elapsed         | 7060        |
|    total_timesteps      | 495616      |
| train/                  |             |
|    approx_kl            | 0.021512784 |
|    clip_fraction        | 0.265       |
|    clip_range           | 0.2         |
|    entropy_loss         | -3.21       |
|    explained_variance   | 0.484       |
|    learning_rate        | 0.0003      |
|    loss                 | 3.25        |
|    n_updates            | 1200        |
|    policy_gradient_loss | -0.023      |
|    value_loss           | 4.22        |
-----------------------------------------
-----------------------------------------
| time/                   |             |
|    fps                  | 70          |
|    iterations           | 122         |
|    time_elapsed         | 7120        |
|    total_timesteps      | 499712      |
| train/                  |             |
|    approx_kl            | 0.014281383 |
|    clip_fraction        | 0.196       |
|    clip_range           | 0.2         |
|    entropy_loss         | -3.25       |
|    explained_variance   | 0.604       |
|    learning_rate        | 0.0003      |
|    loss                 | 4.77        |
|    n_updates            | 1210        |
|    policy_gradient_loss | -0.0201     |
|    value_loss           | 6.5         |
-----------------------------------------
-----------------------------------------
| time/                   |             |
|    fps                  | 70          |
|    iterations           | 123         |
|    time_elapsed         | 7182        |
|    total_timesteps      | 503808      |
| train/                  |             |
|    approx_kl            | 0.021253712 |
|    clip_fraction        | 0.289       |
|    clip_range           | 0.2         |
|    entropy_loss         | -3.29       |
|    explained_variance   | 0.693       |
|    learning_rate        | 0.0003      |
|    loss                 | 2.8         |
|    n_updates            | 1220        |
|    policy_gradient_loss | -0.0155     |
|    value_loss           | 2.48        |
-----------------------------------------
-----------------------------------------
| time/                   |             |
|    fps                  | 70          |
|    iterations           | 124         |
|    time_elapsed         | 7243        |
|    total_timesteps      | 507904      |
| train/                  |             |
|    approx_kl            | 0.013583578 |
|    clip_fraction        | 0.194       |
|    clip_range           | 0.2         |
|    entropy_loss         | -3.18       |
|    explained_variance   | 0.568       |
|    learning_rate        | 0.0003      |
|    loss                 | 1.61        |
|    n_updates            | 1230        |
|    policy_gradient_loss | -0.0122     |
|    value_loss           | 7.81        |
-----------------------------------------
-----------------------------------------
| time/                   |             |
|    fps                  | 70          |
|    iterations           | 125         |
|    time_elapsed         | 7307        |
|    total_timesteps      | 512000      |
| train/                  |             |
|    approx_kl            | 0.018786088 |
|    clip_fraction        | 0.261       |
|    clip_range           | 0.2         |
|    entropy_loss         | -3.27       |
|    explained_variance   | 0.594       |
|    learning_rate        | 0.0003      |
|    loss                 | 0.908       |
|    n_updates            | 1240        |
|    policy_gradient_loss | -0.0154     |
|    value_loss           | 3.3         |
-----------------------------------------
-----------------------------------------
| time/                   |             |
|    fps                  | 70          |
|    iterations           | 126         |
|    time_elapsed         | 7365        |
|    total_timesteps      | 516096      |
| train/                  |             |
|    approx_kl            | 0.017295478 |
|    clip_fraction        | 0.246       |
|    clip_range           | 0.2         |
|    entropy_loss         | -3.21       |
|    explained_variance   | 0.519       |
|    learning_rate        | 0.0003      |
|    loss                 | 1.29        |
|    n_updates            | 1250        |
|    policy_gradient_loss | -0.00997    |
|    value_loss           | 5.04        |
-----------------------------------------
----------------------------------------
| time/                   |            |
|    fps                  | 70         |
|    iterations           | 127        |
|    time_elapsed         | 7426       |
|    total_timesteps      | 520192     |
| train/                  |            |
|    approx_kl            | 0.04202459 |
|    clip_fraction        | 0.27       |
|    clip_range           | 0.2        |
|    entropy_loss         | -3.33      |
|    explained_variance   | 0.492      |
|    learning_rate        | 0.0003     |
|    loss                 | 2.86       |
|    n_updates            | 1260       |
|    policy_gradient_loss | -0.00982   |
|    value_loss           | 5.66       |
----------------------------------------
----------------------------------------
| time/                   |            |
|    fps                  | 70         |
|    iterations           | 128        |
|    time_elapsed         | 7487       |
|    total_timesteps      | 524288     |
| train/                  |            |
|    approx_kl            | 0.01857778 |
|    clip_fraction        | 0.352      |
|    clip_range           | 0.2        |
|    entropy_loss         | -3.36      |
|    explained_variance   | 0.515      |
|    learning_rate        | 0.0003     |
|    loss                 | 1.75       |
|    n_updates            | 1270       |
|    policy_gradient_loss | -0.00461   |
|    value_loss           | 3.97       |
----------------------------------------
-----------------------------------------
| time/                   |             |
|    fps                  | 70          |
|    iterations           | 129         |
|    time_elapsed         | 7545        |
|    total_timesteps      | 528384      |
| train/                  |             |
|    approx_kl            | 0.023650223 |
|    clip_fraction        | 0.301       |
|    clip_range           | 0.2         |
|    entropy_loss         | -3.37       |
|    explained_variance   | 0.693       |
|    learning_rate        | 0.0003      |
|    loss                 | 0.451       |
|    n_updates            | 1280        |
|    policy_gradient_loss | -0.0156     |
|    value_loss           | 1.97        |
-----------------------------------------
-----------------------------------------
| time/                   |             |
|    fps                  | 70          |
|    iterations           | 130         |
|    time_elapsed         | 7606        |
|    total_timesteps      | 532480      |
| train/                  |             |
|    approx_kl            | 0.021266486 |
|    clip_fraction        | 0.282       |
|    clip_range           | 0.2         |
|    entropy_loss         | -3.26       |
|    explained_variance   | 0.685       |
|    learning_rate        | 0.0003      |
|    loss                 | 0.74        |
|    n_updates            | 1290        |
|    policy_gradient_loss | -0.0139     |
|    value_loss           | 3.33        |
-----------------------------------------
-----------------------------------------
| time/                   |             |
|    fps                  | 69          |
|    iterations           | 131         |
|    time_elapsed         | 7668        |
|    total_timesteps      | 536576      |
| train/                  |             |
|    approx_kl            | 0.034587905 |
|    clip_fraction        | 0.309       |
|    clip_range           | 0.2         |
|    entropy_loss         | -3.3        |
|    explained_variance   | 0.662       |
|    learning_rate        | 0.0003      |
|    loss                 | 0.288       |
|    n_updates            | 1300        |
|    policy_gradient_loss | -0.0197     |
|    value_loss           | 3.68        |
-----------------------------------------
-----------------------------------------
| time/                   |             |
|    fps                  | 69          |
|    iterations           | 132         |
|    time_elapsed         | 7731        |
|    total_timesteps      | 540672      |
| train/                  |             |
|    approx_kl            | 0.013685815 |
|    clip_fraction        | 0.239       |
|    clip_range           | 0.2         |
|    entropy_loss         | -3.31       |
|    explained_variance   | 0.624       |
|    learning_rate        | 0.0003      |
|    loss                 | 1.2         |
|    n_updates            | 1310        |
|    policy_gradient_loss | -0.0126     |
|    value_loss           | 5.41        |
-----------------------------------------
-----------------------------------------
| time/                   |             |
|    fps                  | 69          |
|    iterations           | 133         |
|    time_elapsed         | 7793        |
|    total_timesteps      | 544768      |
| train/                  |             |
|    approx_kl            | 0.019471237 |
|    clip_fraction        | 0.255       |
|    clip_range           | 0.2         |
|    entropy_loss         | -3.29       |
|    explained_variance   | 0.623       |
|    learning_rate        | 0.0003      |
|    loss                 | 7.21        |
|    n_updates            | 1320        |
|    policy_gradient_loss | -0.0153     |
|    value_loss           | 4.92        |
-----------------------------------------
-----------------------------------------
| time/                   |             |
|    fps                  | 69          |
|    iterations           | 134         |
|    time_elapsed         | 7855        |
|    total_timesteps      | 548864      |
| train/                  |             |
|    approx_kl            | 0.017501533 |
|    clip_fraction        | 0.282       |
|    clip_range           | 0.2         |
|    entropy_loss         | -3.32       |
|    explained_variance   | 0.61        |
|    learning_rate        | 0.0003      |
|    loss                 | 3.01        |
|    n_updates            | 1330        |
|    policy_gradient_loss | -0.0164     |
|    value_loss           | 4.9         |
-----------------------------------------
-----------------------------------------
| time/                   |             |
|    fps                  | 69          |
|    iterations           | 135         |
|    time_elapsed         | 7914        |
|    total_timesteps      | 552960      |
| train/                  |             |
|    approx_kl            | 0.019434279 |
|    clip_fraction        | 0.256       |
|    clip_range           | 0.2         |
|    entropy_loss         | -3.25       |
|    explained_variance   | 0.411       |
|    learning_rate        | 0.0003      |
|    loss                 | 4.62        |
|    n_updates            | 1340        |
|    policy_gradient_loss | -0.0157     |
|    value_loss           | 5.02        |
-----------------------------------------
----------------------------------------
| time/                   |            |
|    fps                  | 69         |
|    iterations           | 136        |
|    time_elapsed         | 7976       |
|    total_timesteps      | 557056     |
| train/                  |            |
|    approx_kl            | 0.03071496 |
|    clip_fraction        | 0.387      |
|    clip_range           | 0.2        |
|    entropy_loss         | -3.35      |
|    explained_variance   | 0.869      |
|    learning_rate        | 0.0003     |
|    loss                 | 0.248      |
|    n_updates            | 1350       |
|    policy_gradient_loss | -0.00911   |
|    value_loss           | 0.919      |
----------------------------------------
-----------------------------------------
| time/                   |             |
|    fps                  | 69          |
|    iterations           | 137         |
|    time_elapsed         | 8040        |
|    total_timesteps      | 561152      |
| train/                  |             |
|    approx_kl            | 0.018680638 |
|    clip_fraction        | 0.252       |
|    clip_range           | 0.2         |
|    entropy_loss         | -3.33       |
|    explained_variance   | 0.778       |
|    learning_rate        | 0.0003      |
|    loss                 | 1.11        |
|    n_updates            | 1360        |
|    policy_gradient_loss | -0.013      |
|    value_loss           | 2.25        |
-----------------------------------------
-----------------------------------------
| time/                   |             |
|    fps                  | 69          |
|    iterations           | 138         |
|    time_elapsed         | 8101        |
|    total_timesteps      | 565248      |
| train/                  |             |
|    approx_kl            | 0.017023545 |
|    clip_fraction        | 0.201       |
|    clip_range           | 0.2         |
|    entropy_loss         | -3.28       |
|    explained_variance   | 0.666       |
|    learning_rate        | 0.0003      |
|    loss                 | 5.58        |
|    n_updates            | 1370        |
|    policy_gradient_loss | -0.0118     |
|    value_loss           | 6.87        |
-----------------------------------------
-----------------------------------------
| time/                   |             |
|    fps                  | 69          |
|    iterations           | 139         |
|    time_elapsed         | 8162        |
|    total_timesteps      | 569344      |
| train/                  |             |
|    approx_kl            | 0.022980303 |
|    clip_fraction        | 0.266       |
|    clip_range           | 0.2         |
|    entropy_loss         | -3.29       |
|    explained_variance   | 0.665       |
|    learning_rate        | 0.0003      |
|    loss                 | 1.01        |
|    n_updates            | 1380        |
|    policy_gradient_loss | -0.0175     |
|    value_loss           | 3.53        |
-----------------------------------------
-----------------------------------------
| time/                   |             |
|    fps                  | 69          |
|    iterations           | 140         |
|    time_elapsed         | 8226        |
|    total_timesteps      | 573440      |
| train/                  |             |
|    approx_kl            | 0.017066656 |
|    clip_fraction        | 0.243       |
|    clip_range           | 0.2         |
|    entropy_loss         | -3.25       |
|    explained_variance   | 0.691       |
|    learning_rate        | 0.0003      |
|    loss                 | 0.682       |
|    n_updates            | 1390        |
|    policy_gradient_loss | -0.0191     |
|    value_loss           | 3.97        |
-----------------------------------------
----------------------------------------
| time/                   |            |
|    fps                  | 69         |
|    iterations           | 141        |
|    time_elapsed         | 8285       |
|    total_timesteps      | 577536     |
| train/                  |            |
|    approx_kl            | 0.01814977 |
|    clip_fraction        | 0.258      |
|    clip_range           | 0.2        |
|    entropy_loss         | -3.23      |
|    explained_variance   | 0.635      |
|    learning_rate        | 0.0003     |
|    loss                 | 4.03       |
|    n_updates            | 1400       |
|    policy_gradient_loss | -0.0187    |
|    value_loss           | 5.99       |
----------------------------------------
----------------------------------------
| time/                   |            |
|    fps                  | 69         |
|    iterations           | 142        |
|    time_elapsed         | 8350       |
|    total_timesteps      | 581632     |
| train/                  |            |
|    approx_kl            | 0.02693419 |
|    clip_fraction        | 0.266      |
|    clip_range           | 0.2        |
|    entropy_loss         | -3.21      |
|    explained_variance   | 0.665      |
|    learning_rate        | 0.0003     |
|    loss                 | 0.842      |
|    n_updates            | 1410       |
|    policy_gradient_loss | -0.0181    |
|    value_loss           | 4.61       |
----------------------------------------
-----------------------------------------
| time/                   |             |
|    fps                  | 69          |
|    iterations           | 143         |
|    time_elapsed         | 8413        |
|    total_timesteps      | 585728      |
| train/                  |             |
|    approx_kl            | 0.021654075 |
|    clip_fraction        | 0.215       |
|    clip_range           | 0.2         |
|    entropy_loss         | -3.21       |
|    explained_variance   | 0.651       |
|    learning_rate        | 0.0003      |
|    loss                 | 1.25        |
|    n_updates            | 1420        |
|    policy_gradient_loss | -0.0224     |
|    value_loss           | 4.29        |
-----------------------------------------
-----------------------------------------
| time/                   |             |
|    fps                  | 69          |
|    iterations           | 144         |
|    time_elapsed         | 8476        |
|    total_timesteps      | 589824      |
| train/                  |             |
|    approx_kl            | 0.018004373 |
|    clip_fraction        | 0.244       |
|    clip_range           | 0.2         |
|    entropy_loss         | -3.26       |
|    explained_variance   | 0.486       |
|    learning_rate        | 0.0003      |
|    loss                 | 1.96        |
|    n_updates            | 1430        |
|    policy_gradient_loss | -0.0129     |
|    value_loss           | 4.91        |
-----------------------------------------
-----------------------------------------
| time/                   |             |
|    fps                  | 69          |
|    iterations           | 145         |
|    time_elapsed         | 8540        |
|    total_timesteps      | 593920      |
| train/                  |             |
|    approx_kl            | 0.024799166 |
|    clip_fraction        | 0.322       |
|    clip_range           | 0.2         |
|    entropy_loss         | -3.16       |
|    explained_variance   | 0.526       |
|    learning_rate        | 0.0003      |
|    loss                 | 2.01        |
|    n_updates            | 1440        |
|    policy_gradient_loss | -0.0161     |
|    value_loss           | 3.15        |
-----------------------------------------
-----------------------------------------
| time/                   |             |
|    fps                  | 69          |
|    iterations           | 146         |
|    time_elapsed         | 8604        |
|    total_timesteps      | 598016      |
| train/                  |             |
|    approx_kl            | 0.018784642 |
|    clip_fraction        | 0.258       |
|    clip_range           | 0.2         |
|    entropy_loss         | -2.96       |
|    explained_variance   | 0.49        |
|    learning_rate        | 0.0003      |
|    loss                 | 2.38        |
|    n_updates            | 1450        |
|    policy_gradient_loss | -0.016      |
|    value_loss           | 6.59        |
-----------------------------------------
-----------------------------------------
| time/                   |             |
|    fps                  | 69          |
|    iterations           | 147         |
|    time_elapsed         | 8671        |
|    total_timesteps      | 602112      |
| train/                  |             |
|    approx_kl            | 0.015012595 |
|    clip_fraction        | 0.209       |
|    clip_range           | 0.2         |
|    entropy_loss         | -2.93       |
|    explained_variance   | 0.513       |
|    learning_rate        | 0.0003      |
|    loss                 | 3.66        |
|    n_updates            | 1460        |
|    policy_gradient_loss | -0.0107     |
|    value_loss           | 10.7        |
-----------------------------------------
-----------------------------------------
| time/                   |             |
|    fps                  | 69          |
|    iterations           | 148         |
|    time_elapsed         | 8735        |
|    total_timesteps      | 606208      |
| train/                  |             |
|    approx_kl            | 0.014441715 |
|    clip_fraction        | 0.186       |
|    clip_range           | 0.2         |
|    entropy_loss         | -2.96       |
|    explained_variance   | 0.469       |
|    learning_rate        | 0.0003      |
|    loss                 | 7.83        |
|    n_updates            | 1470        |
|    policy_gradient_loss | -0.0166     |
|    value_loss           | 11.6        |
-----------------------------------------
----------------------------------------
| time/                   |            |
|    fps                  | 69         |
|    iterations           | 149        |
|    time_elapsed         | 8796       |
|    total_timesteps      | 610304     |
| train/                  |            |
|    approx_kl            | 0.03035199 |
|    clip_fraction        | 0.304      |
|    clip_range           | 0.2        |
|    entropy_loss         | -3.01      |
|    explained_variance   | 0.604      |
|    learning_rate        | 0.0003     |
|    loss                 | 0.993      |
|    n_updates            | 1480       |
|    policy_gradient_loss | -0.0157    |
|    value_loss           | 4.24       |
----------------------------------------
-----------------------------------------
| time/                   |             |
|    fps                  | 69          |
|    iterations           | 150         |
|    time_elapsed         | 8861        |
|    total_timesteps      | 614400      |
| train/                  |             |
|    approx_kl            | 0.023424143 |
|    clip_fraction        | 0.285       |
|    clip_range           | 0.2         |
|    entropy_loss         | -3          |
|    explained_variance   | 0.729       |
|    learning_rate        | 0.0003      |
|    loss                 | 0.476       |
|    n_updates            | 1490        |
|    policy_gradient_loss | -0.0126     |
|    value_loss           | 4.95        |
-----------------------------------------
-----------------------------------------
| time/                   |             |
|    fps                  | 69          |
|    iterations           | 151         |
|    time_elapsed         | 8923        |
|    total_timesteps      | 618496      |
| train/                  |             |
|    approx_kl            | 0.018230654 |
|    clip_fraction        | 0.245       |
|    clip_range           | 0.2         |
|    entropy_loss         | -3.09       |
|    explained_variance   | 0.678       |
|    learning_rate        | 0.0003      |
|    loss                 | 4.07        |
|    n_updates            | 1500        |
|    policy_gradient_loss | -0.0159     |
|    value_loss           | 8.23        |
-----------------------------------------
-----------------------------------------
| time/                   |             |
|    fps                  | 69          |
|    iterations           | 152         |
|    time_elapsed         | 8988        |
|    total_timesteps      | 622592      |
| train/                  |             |
|    approx_kl            | 0.019524537 |
|    clip_fraction        | 0.221       |
|    clip_range           | 0.2         |
|    entropy_loss         | -3.09       |
|    explained_variance   | 0.698       |
|    learning_rate        | 0.0003      |
|    loss                 | 2.05        |
|    n_updates            | 1510        |
|    policy_gradient_loss | -0.0162     |
|    value_loss           | 6.22        |
-----------------------------------------
-----------------------------------------
| time/                   |             |
|    fps                  | 69          |
|    iterations           | 153         |
|    time_elapsed         | 9056        |
|    total_timesteps      | 626688      |
| train/                  |             |
|    approx_kl            | 0.022127215 |
|    clip_fraction        | 0.272       |
|    clip_range           | 0.2         |
|    entropy_loss         | -3.15       |
|    explained_variance   | 0.598       |
|    learning_rate        | 0.0003      |
|    loss                 | 2.82        |
|    n_updates            | 1520        |
|    policy_gradient_loss | -0.0247     |
|    value_loss           | 5.82        |
-----------------------------------------
-----------------------------------------
| time/                   |             |
|    fps                  | 69          |
|    iterations           | 154         |
|    time_elapsed         | 9117        |
|    total_timesteps      | 630784      |
| train/                  |             |
|    approx_kl            | 0.025765028 |
|    clip_fraction        | 0.24        |
|    clip_range           | 0.2         |
|    entropy_loss         | -3.16       |
|    explained_variance   | 0.601       |
|    learning_rate        | 0.0003      |
|    loss                 | 1.82        |
|    n_updates            | 1530        |
|    policy_gradient_loss | -0.0165     |
|    value_loss           | 5.93        |
-----------------------------------------
-----------------------------------------
| time/                   |             |
|    fps                  | 69          |
|    iterations           | 155         |
|    time_elapsed         | 9179        |
|    total_timesteps      | 634880      |
| train/                  |             |
|    approx_kl            | 0.022307184 |
|    clip_fraction        | 0.294       |
|    clip_range           | 0.2         |
|    entropy_loss         | -3.13       |
|    explained_variance   | 0.62        |
|    learning_rate        | 0.0003      |
|    loss                 | 1.49        |
|    n_updates            | 1540        |
|    policy_gradient_loss | -0.0146     |
|    value_loss           | 5.83        |
-----------------------------------------
-----------------------------------------
| time/                   |             |
|    fps                  | 69          |
|    iterations           | 156         |
|    time_elapsed         | 9241        |
|    total_timesteps      | 638976      |
| train/                  |             |
|    approx_kl            | 0.019108165 |
|    clip_fraction        | 0.282       |
|    clip_range           | 0.2         |
|    entropy_loss         | -3.16       |
|    explained_variance   | 0.643       |
|    learning_rate        | 0.0003      |
|    loss                 | 1.08        |
|    n_updates            | 1550        |
|    policy_gradient_loss | -0.00943    |
|    value_loss           | 3.5         |
-----------------------------------------
-----------------------------------------
| time/                   |             |
|    fps                  | 69          |
|    iterations           | 157         |
|    time_elapsed         | 9306        |
|    total_timesteps      | 643072      |
| train/                  |             |
|    approx_kl            | 0.019356586 |
|    clip_fraction        | 0.263       |
|    clip_range           | 0.2         |
|    entropy_loss         | -3.16       |
|    explained_variance   | 0.665       |
|    learning_rate        | 0.0003      |
|    loss                 | 1.06        |
|    n_updates            | 1560        |
|    policy_gradient_loss | -0.0162     |
|    value_loss           | 3.28        |
-----------------------------------------
----------------------------------------
| time/                   |            |
|    fps                  | 69         |
|    iterations           | 158        |
|    time_elapsed         | 9371       |
|    total_timesteps      | 647168     |
| train/                  |            |
|    approx_kl            | 0.01864206 |
|    clip_fraction        | 0.231      |
|    clip_range           | 0.2        |
|    entropy_loss         | -3.18      |
|    explained_variance   | 0.572      |
|    learning_rate        | 0.0003     |
|    loss                 | 3.8        |
|    n_updates            | 1570       |
|    policy_gradient_loss | -0.0133    |
|    value_loss           | 10.3       |
----------------------------------------
-----------------------------------------
| time/                   |             |
|    fps                  | 69          |
|    iterations           | 159         |
|    time_elapsed         | 9438        |
|    total_timesteps      | 651264      |
| train/                  |             |
|    approx_kl            | 0.019862838 |
|    clip_fraction        | 0.302       |
|    clip_range           | 0.2         |
|    entropy_loss         | -3.33       |
|    explained_variance   | 0.571       |
|    learning_rate        | 0.0003      |
|    loss                 | 0.807       |
|    n_updates            | 1580        |
|    policy_gradient_loss | -0.017      |
|    value_loss           | 2.57        |
-----------------------------------------
-----------------------------------------
| time/                   |             |
|    fps                  | 68          |
|    iterations           | 160         |
|    time_elapsed         | 9501        |
|    total_timesteps      | 655360      |
| train/                  |             |
|    approx_kl            | 0.019576047 |
|    clip_fraction        | 0.238       |
|    clip_range           | 0.2         |
|    entropy_loss         | -3.18       |
|    explained_variance   | 0.446       |
|    learning_rate        | 0.0003      |
|    loss                 | 0.886       |
|    n_updates            | 1590        |
|    policy_gradient_loss | -0.0133     |
|    value_loss           | 10.4        |
-----------------------------------------
----------------------------------------
| time/                   |            |
|    fps                  | 68         |
|    iterations           | 161        |
|    time_elapsed         | 9564       |
|    total_timesteps      | 659456     |
| train/                  |            |
|    approx_kl            | 0.02006489 |
|    clip_fraction        | 0.209      |
|    clip_range           | 0.2        |
|    entropy_loss         | -3.17      |
|    explained_variance   | 0.424      |
|    learning_rate        | 0.0003     |
|    loss                 | 1.42       |
|    n_updates            | 1600       |
|    policy_gradient_loss | -0.0151    |
|    value_loss           | 9.11       |
----------------------------------------
-----------------------------------------
| time/                   |             |
|    fps                  | 68          |
|    iterations           | 162         |
|    time_elapsed         | 9630        |
|    total_timesteps      | 663552      |
| train/                  |             |
|    approx_kl            | 0.025321377 |
|    clip_fraction        | 0.33        |
|    clip_range           | 0.2         |
|    entropy_loss         | -3.23       |
|    explained_variance   | 0.52        |
|    learning_rate        | 0.0003      |
|    loss                 | 1.17        |
|    n_updates            | 1610        |
|    policy_gradient_loss | -0.00929    |
|    value_loss           | 2.84        |
-----------------------------------------
-----------------------------------------
| time/                   |             |
|    fps                  | 68          |
|    iterations           | 163         |
|    time_elapsed         | 9696        |
|    total_timesteps      | 667648      |
| train/                  |             |
|    approx_kl            | 0.016966127 |
|    clip_fraction        | 0.246       |
|    clip_range           | 0.2         |
|    entropy_loss         | -3.26       |
|    explained_variance   | 0.52        |
|    learning_rate        | 0.0003      |
|    loss                 | 4.24        |
|    n_updates            | 1620        |
|    policy_gradient_loss | -0.0159     |
|    value_loss           | 8.57        |
-----------------------------------------
-----------------------------------------
| time/                   |             |
|    fps                  | 68          |
|    iterations           | 164         |
|    time_elapsed         | 9761        |
|    total_timesteps      | 671744      |
| train/                  |             |
|    approx_kl            | 0.018953335 |
|    clip_fraction        | 0.268       |
|    clip_range           | 0.2         |
|    entropy_loss         | -3.18       |
|    explained_variance   | 0.581       |
|    learning_rate        | 0.0003      |
|    loss                 | 2.94        |
|    n_updates            | 1630        |
|    policy_gradient_loss | -0.0153     |
|    value_loss           | 6.21        |
-----------------------------------------
-----------------------------------------
| time/                   |             |
|    fps                  | 68          |
|    iterations           | 165         |
|    time_elapsed         | 9827        |
|    total_timesteps      | 675840      |
| train/                  |             |
|    approx_kl            | 0.027082536 |
|    clip_fraction        | 0.296       |
|    clip_range           | 0.2         |
|    entropy_loss         | -3.1        |
|    explained_variance   | 0.633       |
|    learning_rate        | 0.0003      |
|    loss                 | 1.47        |
|    n_updates            | 1640        |
|    policy_gradient_loss | -0.0107     |
|    value_loss           | 4.3         |
-----------------------------------------
-----------------------------------------
| time/                   |             |
|    fps                  | 68          |
|    iterations           | 166         |
|    time_elapsed         | 9888        |
|    total_timesteps      | 679936      |
| train/                  |             |
|    approx_kl            | 0.022671383 |
|    clip_fraction        | 0.278       |
|    clip_range           | 0.2         |
|    entropy_loss         | -3.23       |
|    explained_variance   | 0.468       |
|    learning_rate        | 0.0003      |
|    loss                 | 4.69        |
|    n_updates            | 1650        |
|    policy_gradient_loss | -0.0183     |
|    value_loss           | 6.92        |
-----------------------------------------
-----------------------------------------
| time/                   |             |
|    fps                  | 68          |
|    iterations           | 167         |
|    time_elapsed         | 9954        |
|    total_timesteps      | 684032      |
| train/                  |             |
|    approx_kl            | 0.020140488 |
|    clip_fraction        | 0.236       |
|    clip_range           | 0.2         |
|    entropy_loss         | -3.04       |
|    explained_variance   | 0.565       |
|    learning_rate        | 0.0003      |
|    loss                 | 7.51        |
|    n_updates            | 1660        |
|    policy_gradient_loss | -0.0139     |
|    value_loss           | 8.31        |
-----------------------------------------
-----------------------------------------
| time/                   |             |
|    fps                  | 68          |
|    iterations           | 168         |
|    time_elapsed         | 10018       |
|    total_timesteps      | 688128      |
| train/                  |             |
|    approx_kl            | 0.032359578 |
|    clip_fraction        | 0.307       |
|    clip_range           | 0.2         |
|    entropy_loss         | -3.28       |
|    explained_variance   | 0.653       |
|    learning_rate        | 0.0003      |
|    loss                 | 1.13        |
|    n_updates            | 1670        |
|    policy_gradient_loss | -0.0179     |
|    value_loss           | 5.27        |
-----------------------------------------
-----------------------------------------
| time/                   |             |
|    fps                  | 68          |
|    iterations           | 169         |
|    time_elapsed         | 10083       |
|    total_timesteps      | 692224      |
| train/                  |             |
|    approx_kl            | 0.019048164 |
|    clip_fraction        | 0.253       |
|    clip_range           | 0.2         |
|    entropy_loss         | -3.07       |
|    explained_variance   | 0.728       |
|    learning_rate        | 0.0003      |
|    loss                 | 3.55        |
|    n_updates            | 1680        |
|    policy_gradient_loss | -0.0166     |
|    value_loss           | 8.68        |
-----------------------------------------
-----------------------------------------
| time/                   |             |
|    fps                  | 68          |
|    iterations           | 170         |
|    time_elapsed         | 10150       |
|    total_timesteps      | 696320      |
| train/                  |             |
|    approx_kl            | 0.018478133 |
|    clip_fraction        | 0.259       |
|    clip_range           | 0.2         |
|    entropy_loss         | -3.29       |
|    explained_variance   | 0.678       |
|    learning_rate        | 0.0003      |
|    loss                 | 1.85        |
|    n_updates            | 1690        |
|    policy_gradient_loss | -0.0178     |
|    value_loss           | 7.3         |
-----------------------------------------
-----------------------------------------
| time/                   |             |
|    fps                  | 68          |
|    iterations           | 171         |
|    time_elapsed         | 10213       |
|    total_timesteps      | 700416      |
| train/                  |             |
|    approx_kl            | 0.021637112 |
|    clip_fraction        | 0.312       |
|    clip_range           | 0.2         |
|    entropy_loss         | -3.21       |
|    explained_variance   | 0.771       |
|    learning_rate        | 0.0003      |
|    loss                 | 3.92        |
|    n_updates            | 1700        |
|    policy_gradient_loss | -0.0191     |
|    value_loss           | 3.86        |
-----------------------------------------
-----------------------------------------
| time/                   |             |
|    fps                  | 68          |
|    iterations           | 172         |
|    time_elapsed         | 10279       |
|    total_timesteps      | 704512      |
| train/                  |             |
|    approx_kl            | 0.018633442 |
|    clip_fraction        | 0.184       |
|    clip_range           | 0.2         |
|    entropy_loss         | -3.07       |
|    explained_variance   | 0.715       |
|    learning_rate        | 0.0003      |
|    loss                 | 2.77        |
|    n_updates            | 1710        |
|    policy_gradient_loss | -0.0142     |
|    value_loss           | 8.33        |
-----------------------------------------
-----------------------------------------
| time/                   |             |
|    fps                  | 68          |
|    iterations           | 173         |
|    time_elapsed         | 10339       |
|    total_timesteps      | 708608      |
| train/                  |             |
|    approx_kl            | 0.018036116 |
|    clip_fraction        | 0.259       |
|    clip_range           | 0.2         |
|    entropy_loss         | -3.11       |
|    explained_variance   | 0.688       |
|    learning_rate        | 0.0003      |
|    loss                 | 4.97        |
|    n_updates            | 1720        |
|    policy_gradient_loss | -0.0172     |
|    value_loss           | 7.56        |
-----------------------------------------
-----------------------------------------
| time/                   |             |
|    fps                  | 68          |
|    iterations           | 174         |
|    time_elapsed         | 10403       |
|    total_timesteps      | 712704      |
| train/                  |             |
|    approx_kl            | 0.032070696 |
|    clip_fraction        | 0.319       |
|    clip_range           | 0.2         |
|    entropy_loss         | -3.11       |
|    explained_variance   | 0.759       |
|    learning_rate        | 0.0003      |
|    loss                 | 0.849       |
|    n_updates            | 1730        |
|    policy_gradient_loss | -0.0111     |
|    value_loss           | 4.22        |
-----------------------------------------
-----------------------------------------
| time/                   |             |
|    fps                  | 68          |
|    iterations           | 175         |
|    time_elapsed         | 10466       |
|    total_timesteps      | 716800      |
| train/                  |             |
|    approx_kl            | 0.021463007 |
|    clip_fraction        | 0.238       |
|    clip_range           | 0.2         |
|    entropy_loss         | -3.17       |
|    explained_variance   | 0.72        |
|    learning_rate        | 0.0003      |
|    loss                 | 1.48        |
|    n_updates            | 1740        |
|    policy_gradient_loss | -0.0191     |
|    value_loss           | 5.92        |
-----------------------------------------
-----------------------------------------
| time/                   |             |
|    fps                  | 68          |
|    iterations           | 176         |
|    time_elapsed         | 10532       |
|    total_timesteps      | 720896      |
| train/                  |             |
|    approx_kl            | 0.025159247 |
|    clip_fraction        | 0.277       |
|    clip_range           | 0.2         |
|    entropy_loss         | -3.11       |
|    explained_variance   | 0.825       |
|    learning_rate        | 0.0003      |
|    loss                 | 2.78        |
|    n_updates            | 1750        |
|    policy_gradient_loss | -0.0168     |
|    value_loss           | 5.11        |
-----------------------------------------
-----------------------------------------
| time/                   |             |
|    fps                  | 68          |
|    iterations           | 177         |
|    time_elapsed         | 10592       |
|    total_timesteps      | 724992      |
| train/                  |             |
|    approx_kl            | 0.017772181 |
|    clip_fraction        | 0.224       |
|    clip_range           | 0.2         |
|    entropy_loss         | -3.05       |
|    explained_variance   | 0.823       |
|    learning_rate        | 0.0003      |
|    loss                 | 2.38        |
|    n_updates            | 1760        |
|    policy_gradient_loss | -0.0222     |
|    value_loss           | 7.63        |
-----------------------------------------
-----------------------------------------
| time/                   |             |
|    fps                  | 68          |
|    iterations           | 178         |
|    time_elapsed         | 10660       |
|    total_timesteps      | 729088      |
| train/                  |             |
|    approx_kl            | 0.021971725 |
|    clip_fraction        | 0.26        |
|    clip_range           | 0.2         |
|    entropy_loss         | -2.99       |
|    explained_variance   | 0.833       |
|    learning_rate        | 0.0003      |
|    loss                 | 1.43        |
|    n_updates            | 1770        |
|    policy_gradient_loss | -0.0135     |
|    value_loss           | 4.84        |
-----------------------------------------
-----------------------------------------
| time/                   |             |
|    fps                  | 68          |
|    iterations           | 179         |
|    time_elapsed         | 10723       |
|    total_timesteps      | 733184      |
| train/                  |             |
|    approx_kl            | 0.021046683 |
|    clip_fraction        | 0.254       |
|    clip_range           | 0.2         |
|    entropy_loss         | -3.08       |
|    explained_variance   | 0.674       |
|    learning_rate        | 0.0003      |
|    loss                 | 1.32        |
|    n_updates            | 1780        |
|    policy_gradient_loss | -0.0155     |
|    value_loss           | 5.09        |
-----------------------------------------
-----------------------------------------
| time/                   |             |
|    fps                  | 68          |
|    iterations           | 180         |
|    time_elapsed         | 10784       |
|    total_timesteps      | 737280      |
| train/                  |             |
|    approx_kl            | 0.021342179 |
|    clip_fraction        | 0.29        |
|    clip_range           | 0.2         |
|    entropy_loss         | -3.15       |
|    explained_variance   | 0.67        |
|    learning_rate        | 0.0003      |
|    loss                 | 1.4         |
|    n_updates            | 1790        |
|    policy_gradient_loss | -0.00504    |
|    value_loss           | 3.96        |
-----------------------------------------
-----------------------------------------
| time/                   |             |
|    fps                  | 68          |
|    iterations           | 181         |
|    time_elapsed         | 10846       |
|    total_timesteps      | 741376      |
| train/                  |             |
|    approx_kl            | 0.023161076 |
|    clip_fraction        | 0.298       |
|    clip_range           | 0.2         |
|    entropy_loss         | -3.14       |
|    explained_variance   | 0.738       |
|    learning_rate        | 0.0003      |
|    loss                 | 0.781       |
|    n_updates            | 1800        |
|    policy_gradient_loss | -0.0158     |
|    value_loss           | 2.92        |
-----------------------------------------
-----------------------------------------
| time/                   |             |
|    fps                  | 68          |
|    iterations           | 182         |
|    time_elapsed         | 10908       |
|    total_timesteps      | 745472      |
| train/                  |             |
|    approx_kl            | 0.026003541 |
|    clip_fraction        | 0.264       |
|    clip_range           | 0.2         |
|    entropy_loss         | -3.03       |
|    explained_variance   | 0.771       |
|    learning_rate        | 0.0003      |
|    loss                 | 1.73        |
|    n_updates            | 1810        |
|    policy_gradient_loss | -0.0174     |
|    value_loss           | 5.37        |
-----------------------------------------
-----------------------------------------
| time/                   |             |
|    fps                  | 68          |
|    iterations           | 183         |
|    time_elapsed         | 10972       |
|    total_timesteps      | 749568      |
| train/                  |             |
|    approx_kl            | 0.028003458 |
|    clip_fraction        | 0.267       |
|    clip_range           | 0.2         |
|    entropy_loss         | -3          |
|    explained_variance   | 0.835       |
|    learning_rate        | 0.0003      |
|    loss                 | 0.522       |
|    n_updates            | 1820        |
|    policy_gradient_loss | -0.0125     |
|    value_loss           | 4.88        |
-----------------------------------------
-----------------------------------------
| time/                   |             |
|    fps                  | 68          |
|    iterations           | 184         |
|    time_elapsed         | 11035       |
|    total_timesteps      | 753664      |
| train/                  |             |
|    approx_kl            | 0.021447409 |
|    clip_fraction        | 0.278       |
|    clip_range           | 0.2         |
|    entropy_loss         | -3.06       |
|    explained_variance   | 0.64        |
|    learning_rate        | 0.0003      |
|    loss                 | 1.07        |
|    n_updates            | 1830        |
|    policy_gradient_loss | -0.0153     |
|    value_loss           | 5.63        |
-----------------------------------------
-----------------------------------------
| time/                   |             |
|    fps                  | 68          |
|    iterations           | 185         |
|    time_elapsed         | 11099       |
|    total_timesteps      | 757760      |
| train/                  |             |
|    approx_kl            | 0.017463755 |
|    clip_fraction        | 0.188       |
|    clip_range           | 0.2         |
|    entropy_loss         | -3.04       |
|    explained_variance   | 0.598       |
|    learning_rate        | 0.0003      |
|    loss                 | 6.43        |
|    n_updates            | 1840        |
|    policy_gradient_loss | -0.0144     |
|    value_loss           | 14.5        |
-----------------------------------------
-----------------------------------------
| time/                   |             |
|    fps                  | 68          |
|    iterations           | 186         |
|    time_elapsed         | 11164       |
|    total_timesteps      | 761856      |
| train/                  |             |
|    approx_kl            | 0.023668837 |
|    clip_fraction        | 0.243       |
|    clip_range           | 0.2         |
|    entropy_loss         | -2.91       |
|    explained_variance   | 0.685       |
|    learning_rate        | 0.0003      |
|    loss                 | 1.47        |
|    n_updates            | 1850        |
|    policy_gradient_loss | -0.0129     |
|    value_loss           | 9.33        |
-----------------------------------------
-----------------------------------------
| time/                   |             |
|    fps                  | 68          |
|    iterations           | 187         |
|    time_elapsed         | 11228       |
|    total_timesteps      | 765952      |
| train/                  |             |
|    approx_kl            | 0.021521607 |
|    clip_fraction        | 0.238       |
|    clip_range           | 0.2         |
|    entropy_loss         | -2.92       |
|    explained_variance   | 0.615       |
|    learning_rate        | 0.0003      |
|    loss                 | 4.93        |
|    n_updates            | 1860        |
|    policy_gradient_loss | -0.0201     |
|    value_loss           | 12.4        |
-----------------------------------------
-----------------------------------------
| time/                   |             |
|    fps                  | 68          |
|    iterations           | 188         |
|    time_elapsed         | 11295       |
|    total_timesteps      | 770048      |
| train/                  |             |
|    approx_kl            | 0.020481553 |
|    clip_fraction        | 0.246       |
|    clip_range           | 0.2         |
|    entropy_loss         | -3.06       |
|    explained_variance   | 0.827       |
|    learning_rate        | 0.0003      |
|    loss                 | 2.82        |
|    n_updates            | 1870        |
|    policy_gradient_loss | -0.0132     |
|    value_loss           | 5.07        |
-----------------------------------------
-----------------------------------------
| time/                   |             |
|    fps                  | 68          |
|    iterations           | 189         |
|    time_elapsed         | 11359       |
|    total_timesteps      | 774144      |
| train/                  |             |
|    approx_kl            | 0.021070767 |
|    clip_fraction        | 0.234       |
|    clip_range           | 0.2         |
|    entropy_loss         | -2.87       |
|    explained_variance   | 0.573       |
|    learning_rate        | 0.0003      |
|    loss                 | 4.15        |
|    n_updates            | 1880        |
|    policy_gradient_loss | -0.0193     |
|    value_loss           | 10.3        |
-----------------------------------------
-----------------------------------------
| time/                   |             |
|    fps                  | 68          |
|    iterations           | 190         |
|    time_elapsed         | 11426       |
|    total_timesteps      | 778240      |
| train/                  |             |
|    approx_kl            | 0.023083515 |
|    clip_fraction        | 0.251       |
|    clip_range           | 0.2         |
|    entropy_loss         | -2.89       |
|    explained_variance   | 0.796       |
|    learning_rate        | 0.0003      |
|    loss                 | 2.08        |
|    n_updates            | 1890        |
|    policy_gradient_loss | -0.02       |
|    value_loss           | 7.73        |
-----------------------------------------
-----------------------------------------
| time/                   |             |
|    fps                  | 68          |
|    iterations           | 191         |
|    time_elapsed         | 11489       |
|    total_timesteps      | 782336      |
| train/                  |             |
|    approx_kl            | 0.020298662 |
|    clip_fraction        | 0.22        |
|    clip_range           | 0.2         |
|    entropy_loss         | -2.83       |
|    explained_variance   | 0.781       |
|    learning_rate        | 0.0003      |
|    loss                 | 4.47        |
|    n_updates            | 1900        |
|    policy_gradient_loss | -0.0166     |
|    value_loss           | 11.3        |
-----------------------------------------
-----------------------------------------
| time/                   |             |
|    fps                  | 68          |
|    iterations           | 192         |
|    time_elapsed         | 11557       |
|    total_timesteps      | 786432      |
| train/                  |             |
|    approx_kl            | 0.020809088 |
|    clip_fraction        | 0.247       |
|    clip_range           | 0.2         |
|    entropy_loss         | -2.94       |
|    explained_variance   | 0.713       |
|    learning_rate        | 0.0003      |
|    loss                 | 1.39        |
|    n_updates            | 1910        |
|    policy_gradient_loss | -0.0207     |
|    value_loss           | 7.06        |
-----------------------------------------
-----------------------------------------
| time/                   |             |
|    fps                  | 68          |
|    iterations           | 193         |
|    time_elapsed         | 11623       |
|    total_timesteps      | 790528      |
| train/                  |             |
|    approx_kl            | 0.019804124 |
|    clip_fraction        | 0.25        |
|    clip_range           | 0.2         |
|    entropy_loss         | -2.97       |
|    explained_variance   | 0.732       |
|    learning_rate        | 0.0003      |
|    loss                 | 3.45        |
|    n_updates            | 1920        |
|    policy_gradient_loss | -0.0206     |
|    value_loss           | 7.88        |
-----------------------------------------
---------------------------------------
| time/                   |           |
|    fps                  | 67        |
|    iterations           | 194       |
|    time_elapsed         | 11689     |
|    total_timesteps      | 794624    |
| train/                  |           |
|    approx_kl            | 0.0205619 |
|    clip_fraction        | 0.233     |
|    clip_range           | 0.2       |
|    entropy_loss         | -2.87     |
|    explained_variance   | 0.72      |
|    learning_rate        | 0.0003    |
|    loss                 | 1.93      |
|    n_updates            | 1930      |
|    policy_gradient_loss | -0.0208   |
|    value_loss           | 8.16      |
---------------------------------------
-----------------------------------------
| time/                   |             |
|    fps                  | 67          |
|    iterations           | 195         |
|    time_elapsed         | 11758       |
|    total_timesteps      | 798720      |
| train/                  |             |
|    approx_kl            | 0.017151259 |
|    clip_fraction        | 0.229       |
|    clip_range           | 0.2         |
|    entropy_loss         | -2.86       |
|    explained_variance   | 0.796       |
|    learning_rate        | 0.0003      |
|    loss                 | 1.18        |
|    n_updates            | 1940        |
|    policy_gradient_loss | -0.0229     |
|    value_loss           | 6.89        |
-----------------------------------------
-----------------------------------------
| time/                   |             |
|    fps                  | 67          |
|    iterations           | 196         |
|    time_elapsed         | 11824       |
|    total_timesteps      | 802816      |
| train/                  |             |
|    approx_kl            | 0.016010826 |
|    clip_fraction        | 0.24        |
|    clip_range           | 0.2         |
|    entropy_loss         | -2.85       |
|    explained_variance   | 0.667       |
|    learning_rate        | 0.0003      |
|    loss                 | 5.19        |
|    n_updates            | 1950        |
|    policy_gradient_loss | -0.0168     |
|    value_loss           | 11.9        |
-----------------------------------------
-----------------------------------------
| time/                   |             |
|    fps                  | 67          |
|    iterations           | 197         |
|    time_elapsed         | 11890       |
|    total_timesteps      | 806912      |
| train/                  |             |
|    approx_kl            | 0.021057643 |
|    clip_fraction        | 0.276       |
|    clip_range           | 0.2         |
|    entropy_loss         | -2.87       |
|    explained_variance   | 0.613       |
|    learning_rate        | 0.0003      |
|    loss                 | 1.26        |
|    n_updates            | 1960        |
|    policy_gradient_loss | -0.0199     |
|    value_loss           | 7.44        |
-----------------------------------------
-----------------------------------------
| time/                   |             |
|    fps                  | 67          |
|    iterations           | 198         |
|    time_elapsed         | 11958       |
|    total_timesteps      | 811008      |
| train/                  |             |
|    approx_kl            | 0.020399552 |
|    clip_fraction        | 0.275       |
|    clip_range           | 0.2         |
|    entropy_loss         | -2.96       |
|    explained_variance   | 0.506       |
|    learning_rate        | 0.0003      |
|    loss                 | 1.88        |
|    n_updates            | 1970        |
|    policy_gradient_loss | -0.0199     |
|    value_loss           | 8.73        |
-----------------------------------------
-----------------------------------------
| time/                   |             |
|    fps                  | 67          |
|    iterations           | 199         |
|    time_elapsed         | 12021       |
|    total_timesteps      | 815104      |
| train/                  |             |
|    approx_kl            | 0.021852624 |
|    clip_fraction        | 0.225       |
|    clip_range           | 0.2         |
|    entropy_loss         | -2.8        |
|    explained_variance   | 0.655       |
|    learning_rate        | 0.0003      |
|    loss                 | 9.94        |
|    n_updates            | 1980        |
|    policy_gradient_loss | -0.0184     |
|    value_loss           | 10.1        |
-----------------------------------------
----------------------------------------
| time/                   |            |
|    fps                  | 67         |
|    iterations           | 200        |
|    time_elapsed         | 12088      |
|    total_timesteps      | 819200     |
| train/                  |            |
|    approx_kl            | 0.02320742 |
|    clip_fraction        | 0.268      |
|    clip_range           | 0.2        |
|    entropy_loss         | -2.82      |
|    explained_variance   | 0.701      |
|    learning_rate        | 0.0003     |
|    loss                 | 3.22       |
|    n_updates            | 1990       |
|    policy_gradient_loss | -0.0186    |
|    value_loss           | 8.66       |
----------------------------------------
-----------------------------------------
| time/                   |             |
|    fps                  | 67          |
|    iterations           | 201         |
|    time_elapsed         | 12152       |
|    total_timesteps      | 823296      |
| train/                  |             |
|    approx_kl            | 0.015962964 |
|    clip_fraction        | 0.22        |
|    clip_range           | 0.2         |
|    entropy_loss         | -2.76       |
|    explained_variance   | 0.688       |
|    learning_rate        | 0.0003      |
|    loss                 | 1.9         |
|    n_updates            | 2000        |
|    policy_gradient_loss | -0.0185     |
|    value_loss           | 10.1        |
-----------------------------------------
-----------------------------------------
| time/                   |             |
|    fps                  | 67          |
|    iterations           | 202         |
|    time_elapsed         | 12219       |
|    total_timesteps      | 827392      |
| train/                  |             |
|    approx_kl            | 0.020909963 |
|    clip_fraction        | 0.229       |
|    clip_range           | 0.2         |
|    entropy_loss         | -2.82       |
|    explained_variance   | 0.569       |
|    learning_rate        | 0.0003      |
|    loss                 | 0.9         |
|    n_updates            | 2010        |
|    policy_gradient_loss | -0.0135     |
|    value_loss           | 12.5        |
-----------------------------------------
-----------------------------------------
| time/                   |             |
|    fps                  | 67          |
|    iterations           | 203         |
|    time_elapsed         | 12286       |
|    total_timesteps      | 831488      |
| train/                  |             |
|    approx_kl            | 0.025442256 |
|    clip_fraction        | 0.263       |
|    clip_range           | 0.2         |
|    entropy_loss         | -2.92       |
|    explained_variance   | 0.631       |
|    learning_rate        | 0.0003      |
|    loss                 | 7.54        |
|    n_updates            | 2020        |
|    policy_gradient_loss | -0.0186     |
|    value_loss           | 9.17        |
-----------------------------------------
-----------------------------------------
| time/                   |             |
|    fps                  | 67          |
|    iterations           | 204         |
|    time_elapsed         | 12351       |
|    total_timesteps      | 835584      |
| train/                  |             |
|    approx_kl            | 0.019510217 |
|    clip_fraction        | 0.204       |
|    clip_range           | 0.2         |
|    entropy_loss         | -2.83       |
|    explained_variance   | 0.727       |
|    learning_rate        | 0.0003      |
|    loss                 | 3.42        |
|    n_updates            | 2030        |
|    policy_gradient_loss | -0.0168     |
|    value_loss           | 11.3        |
-----------------------------------------
-----------------------------------------
| time/                   |             |
|    fps                  | 67          |
|    iterations           | 205         |
|    time_elapsed         | 12415       |
|    total_timesteps      | 839680      |
| train/                  |             |
|    approx_kl            | 0.021712922 |
|    clip_fraction        | 0.306       |
|    clip_range           | 0.2         |
|    entropy_loss         | -2.97       |
|    explained_variance   | 0.715       |
|    learning_rate        | 0.0003      |
|    loss                 | 3.61        |
|    n_updates            | 2040        |
|    policy_gradient_loss | -0.0116     |
|    value_loss           | 7.05        |
-----------------------------------------
-----------------------------------------
| time/                   |             |
|    fps                  | 67          |
|    iterations           | 206         |
|    time_elapsed         | 12483       |
|    total_timesteps      | 843776      |
| train/                  |             |
|    approx_kl            | 0.021508515 |
|    clip_fraction        | 0.295       |
|    clip_range           | 0.2         |
|    entropy_loss         | -2.98       |
|    explained_variance   | 0.837       |
|    learning_rate        | 0.0003      |
|    loss                 | 3.47        |
|    n_updates            | 2050        |
|    policy_gradient_loss | -0.0146     |
|    value_loss           | 5.12        |
-----------------------------------------
-----------------------------------------
| time/                   |             |
|    fps                  | 67          |
|    iterations           | 207         |
|    time_elapsed         | 12545       |
|    total_timesteps      | 847872      |
| train/                  |             |
|    approx_kl            | 0.020652376 |
|    clip_fraction        | 0.294       |
|    clip_range           | 0.2         |
|    entropy_loss         | -3.06       |
|    explained_variance   | 0.636       |
|    learning_rate        | 0.0003      |
|    loss                 | 2.61        |
|    n_updates            | 2060        |
|    policy_gradient_loss | -0.0184     |
|    value_loss           | 6.43        |
-----------------------------------------
----------------------------------------
| time/                   |            |
|    fps                  | 67         |
|    iterations           | 208        |
|    time_elapsed         | 12608      |
|    total_timesteps      | 851968     |
| train/                  |            |
|    approx_kl            | 0.01816069 |
|    clip_fraction        | 0.2        |
|    clip_range           | 0.2        |
|    entropy_loss         | -2.96      |
|    explained_variance   | 0.524      |
|    learning_rate        | 0.0003     |
|    loss                 | 3.3        |
|    n_updates            | 2070       |
|    policy_gradient_loss | -0.0135    |
|    value_loss           | 10         |
----------------------------------------
-----------------------------------------
| time/                   |             |
|    fps                  | 67          |
|    iterations           | 209         |
|    time_elapsed         | 12683       |
|    total_timesteps      | 856064      |
| train/                  |             |
|    approx_kl            | 0.020534884 |
|    clip_fraction        | 0.292       |
|    clip_range           | 0.2         |
|    entropy_loss         | -2.92       |
|    explained_variance   | 0.669       |
|    learning_rate        | 0.0003      |
|    loss                 | 1.9         |
|    n_updates            | 2080        |
|    policy_gradient_loss | -0.0165     |
|    value_loss           | 5.29        |
-----------------------------------------
-----------------------------------------
| time/                   |             |
|    fps                  | 67          |
|    iterations           | 210         |
|    time_elapsed         | 12750       |
|    total_timesteps      | 860160      |
| train/                  |             |
|    approx_kl            | 0.015959648 |
|    clip_fraction        | 0.205       |
|    clip_range           | 0.2         |
|    entropy_loss         | -2.74       |
|    explained_variance   | 0.666       |
|    learning_rate        | 0.0003      |
|    loss                 | 5.19        |
|    n_updates            | 2090        |
|    policy_gradient_loss | -0.0191     |
|    value_loss           | 11.4        |
-----------------------------------------
-----------------------------------------
| time/                   |             |
|    fps                  | 67          |
|    iterations           | 211         |
|    time_elapsed         | 12815       |
|    total_timesteps      | 864256      |
| train/                  |             |
|    approx_kl            | 0.016954072 |
|    clip_fraction        | 0.224       |
|    clip_range           | 0.2         |
|    entropy_loss         | -2.79       |
|    explained_variance   | 0.763       |
|    learning_rate        | 0.0003      |
|    loss                 | 5.12        |
|    n_updates            | 2100        |
|    policy_gradient_loss | -0.022      |
|    value_loss           | 8.43        |
-----------------------------------------
-----------------------------------------
| time/                   |             |
|    fps                  | 67          |
|    iterations           | 212         |
|    time_elapsed         | 12880       |
|    total_timesteps      | 868352      |
| train/                  |             |
|    approx_kl            | 0.024499808 |
|    clip_fraction        | 0.233       |
|    clip_range           | 0.2         |
|    entropy_loss         | -2.86       |
|    explained_variance   | 0.639       |
|    learning_rate        | 0.0003      |
|    loss                 | 2.42        |
|    n_updates            | 2110        |
|    policy_gradient_loss | -0.0203     |
|    value_loss           | 5.61        |
-----------------------------------------
----------------------------------------
| time/                   |            |
|    fps                  | 67         |
|    iterations           | 213        |
|    time_elapsed         | 12952      |
|    total_timesteps      | 872448     |
| train/                  |            |
|    approx_kl            | 0.01833234 |
|    clip_fraction        | 0.232      |
|    clip_range           | 0.2        |
|    entropy_loss         | -2.86      |
|    explained_variance   | 0.336      |
|    learning_rate        | 0.0003     |
|    loss                 | 3.09       |
|    n_updates            | 2120       |
|    policy_gradient_loss | -0.0195    |
|    value_loss           | 12.9       |
----------------------------------------
-----------------------------------------
| time/                   |             |
|    fps                  | 67          |
|    iterations           | 214         |
|    time_elapsed         | 13038       |
|    total_timesteps      | 876544      |
| train/                  |             |
|    approx_kl            | 0.022696543 |
|    clip_fraction        | 0.295       |
|    clip_range           | 0.2         |
|    entropy_loss         | -2.92       |
|    explained_variance   | 0.487       |
|    learning_rate        | 0.0003      |
|    loss                 | 4.42        |
|    n_updates            | 2130        |
|    policy_gradient_loss | -0.0189     |
|    value_loss           | 6.84        |
-----------------------------------------
-----------------------------------------
| time/                   |             |
|    fps                  | 67          |
|    iterations           | 215         |
|    time_elapsed         | 13105       |
|    total_timesteps      | 880640      |
| train/                  |             |
|    approx_kl            | 0.025395997 |
|    clip_fraction        | 0.288       |
|    clip_range           | 0.2         |
|    entropy_loss         | -2.9        |
|    explained_variance   | 0.24        |
|    learning_rate        | 0.0003      |
|    loss                 | 1.97        |
|    n_updates            | 2140        |
|    policy_gradient_loss | -0.00883    |
|    value_loss           | 8.95        |
-----------------------------------------
-----------------------------------------
| time/                   |             |
|    fps                  | 67          |
|    iterations           | 216         |
|    time_elapsed         | 13170       |
|    total_timesteps      | 884736      |
| train/                  |             |
|    approx_kl            | 0.022500027 |
|    clip_fraction        | 0.274       |
|    clip_range           | 0.2         |
|    entropy_loss         | -2.92       |
|    explained_variance   | 0.373       |
|    learning_rate        | 0.0003      |
|    loss                 | 4.89        |
|    n_updates            | 2150        |
|    policy_gradient_loss | -0.0169     |
|    value_loss           | 10.5        |
-----------------------------------------
-----------------------------------------
| time/                   |             |
|    fps                  | 67          |
|    iterations           | 217         |
|    time_elapsed         | 13236       |
|    total_timesteps      | 888832      |
| train/                  |             |
|    approx_kl            | 0.031299617 |
|    clip_fraction        | 0.333       |
|    clip_range           | 0.2         |
|    entropy_loss         | -2.97       |
|    explained_variance   | 0.581       |
|    learning_rate        | 0.0003      |
|    loss                 | 1.22        |
|    n_updates            | 2160        |
|    policy_gradient_loss | -0.0159     |
|    value_loss           | 6.12        |
-----------------------------------------
-----------------------------------------
| time/                   |             |
|    fps                  | 67          |
|    iterations           | 218         |
|    time_elapsed         | 13298       |
|    total_timesteps      | 892928      |
| train/                  |             |
|    approx_kl            | 0.019291632 |
|    clip_fraction        | 0.22        |
|    clip_range           | 0.2         |
|    entropy_loss         | -2.85       |
|    explained_variance   | 0.629       |
|    learning_rate        | 0.0003      |
|    loss                 | 5.2         |
|    n_updates            | 2170        |
|    policy_gradient_loss | -0.0138     |
|    value_loss           | 10.3        |
-----------------------------------------
-----------------------------------------
| time/                   |             |
|    fps                  | 67          |
|    iterations           | 219         |
|    time_elapsed         | 13364       |
|    total_timesteps      | 897024      |
| train/                  |             |
|    approx_kl            | 0.030191591 |
|    clip_fraction        | 0.31        |
|    clip_range           | 0.2         |
|    entropy_loss         | -2.97       |
|    explained_variance   | 0.727       |
|    learning_rate        | 0.0003      |
|    loss                 | 0.498       |
|    n_updates            | 2180        |
|    policy_gradient_loss | -0.0138     |
|    value_loss           | 5.19        |
-----------------------------------------
-----------------------------------------
| time/                   |             |
|    fps                  | 67          |
|    iterations           | 220         |
|    time_elapsed         | 13429       |
|    total_timesteps      | 901120      |
| train/                  |             |
|    approx_kl            | 0.026216792 |
|    clip_fraction        | 0.312       |
|    clip_range           | 0.2         |
|    entropy_loss         | -3.02       |
|    explained_variance   | 0.63        |
|    learning_rate        | 0.0003      |
|    loss                 | 0.565       |
|    n_updates            | 2190        |
|    policy_gradient_loss | -0.0156     |
|    value_loss           | 5.24        |
-----------------------------------------
-----------------------------------------
| time/                   |             |
|    fps                  | 67          |
|    iterations           | 221         |
|    time_elapsed         | 13495       |
|    total_timesteps      | 905216      |
| train/                  |             |
|    approx_kl            | 0.025089595 |
|    clip_fraction        | 0.315       |
|    clip_range           | 0.2         |
|    entropy_loss         | -3.07       |
|    explained_variance   | 0.536       |
|    learning_rate        | 0.0003      |
|    loss                 | 0.661       |
|    n_updates            | 2200        |
|    policy_gradient_loss | -0.0106     |
|    value_loss           | 4.1         |
-----------------------------------------
-----------------------------------------
| time/                   |             |
|    fps                  | 67          |
|    iterations           | 222         |
|    time_elapsed         | 13554       |
|    total_timesteps      | 909312      |
| train/                  |             |
|    approx_kl            | 0.023722094 |
|    clip_fraction        | 0.283       |
|    clip_range           | 0.2         |
|    entropy_loss         | -3          |
|    explained_variance   | 0.657       |
|    learning_rate        | 0.0003      |
|    loss                 | 2.39        |
|    n_updates            | 2210        |
|    policy_gradient_loss | -0.0192     |
|    value_loss           | 4.06        |
-----------------------------------------
----------------------------------------
| time/                   |            |
|    fps                  | 67         |
|    iterations           | 223        |
|    time_elapsed         | 13616      |
|    total_timesteps      | 913408     |
| train/                  |            |
|    approx_kl            | 0.02465821 |
|    clip_fraction        | 0.312      |
|    clip_range           | 0.2        |
|    entropy_loss         | -3.07      |
|    explained_variance   | 0.39       |
|    learning_rate        | 0.0003     |
|    loss                 | 0.716      |
|    n_updates            | 2220       |
|    policy_gradient_loss | -0.0124    |
|    value_loss           | 6.17       |
----------------------------------------
-----------------------------------------
| time/                   |             |
|    fps                  | 67          |
|    iterations           | 224         |
|    time_elapsed         | 13684       |
|    total_timesteps      | 917504      |
| train/                  |             |
|    approx_kl            | 0.021105625 |
|    clip_fraction        | 0.268       |
|    clip_range           | 0.2         |
|    entropy_loss         | -3.03       |
|    explained_variance   | 0.474       |
|    learning_rate        | 0.0003      |
|    loss                 | 3.55        |
|    n_updates            | 2230        |
|    policy_gradient_loss | -0.0208     |
|    value_loss           | 7.57        |
-----------------------------------------
-----------------------------------------
| time/                   |             |
|    fps                  | 67          |
|    iterations           | 225         |
|    time_elapsed         | 13748       |
|    total_timesteps      | 921600      |
| train/                  |             |
|    approx_kl            | 0.026101775 |
|    clip_fraction        | 0.302       |
|    clip_range           | 0.2         |
|    entropy_loss         | -3.07       |
|    explained_variance   | 0.516       |
|    learning_rate        | 0.0003      |
|    loss                 | 3.55        |
|    n_updates            | 2240        |
|    policy_gradient_loss | -0.0218     |
|    value_loss           | 5.62        |
-----------------------------------------
-----------------------------------------
| time/                   |             |
|    fps                  | 67          |
|    iterations           | 226         |
|    time_elapsed         | 13807       |
|    total_timesteps      | 925696      |
| train/                  |             |
|    approx_kl            | 0.023546647 |
|    clip_fraction        | 0.289       |
|    clip_range           | 0.2         |
|    entropy_loss         | -3.21       |
|    explained_variance   | 0.537       |
|    learning_rate        | 0.0003      |
|    loss                 | 1.64        |
|    n_updates            | 2250        |
|    policy_gradient_loss | -0.0184     |
|    value_loss           | 4.1         |
-----------------------------------------
-----------------------------------------
| time/                   |             |
|    fps                  | 67          |
|    iterations           | 227         |
|    time_elapsed         | 13872       |
|    total_timesteps      | 929792      |
| train/                  |             |
|    approx_kl            | 0.029090231 |
|    clip_fraction        | 0.37        |
|    clip_range           | 0.2         |
|    entropy_loss         | -3.28       |
|    explained_variance   | 0.648       |
|    learning_rate        | 0.0003      |
|    loss                 | 0.604       |
|    n_updates            | 2260        |
|    policy_gradient_loss | -0.0199     |
|    value_loss           | 1.87        |
-----------------------------------------
----------------------------------------
| time/                   |            |
|    fps                  | 67         |
|    iterations           | 228        |
|    time_elapsed         | 13933      |
|    total_timesteps      | 933888     |
| train/                  |            |
|    approx_kl            | 0.02616568 |
|    clip_fraction        | 0.353      |
|    clip_range           | 0.2        |
|    entropy_loss         | -3.33      |
|    explained_variance   | 0.699      |
|    learning_rate        | 0.0003     |
|    loss                 | 1.28       |
|    n_updates            | 2270       |
|    policy_gradient_loss | -0.0121    |
|    value_loss           | 1.78       |
----------------------------------------
-----------------------------------------
| time/                   |             |
|    fps                  | 67          |
|    iterations           | 229         |
|    time_elapsed         | 13993       |
|    total_timesteps      | 937984      |
| train/                  |             |
|    approx_kl            | 0.026940564 |
|    clip_fraction        | 0.338       |
|    clip_range           | 0.2         |
|    entropy_loss         | -3.31       |
|    explained_variance   | 0.795       |
|    learning_rate        | 0.0003      |
|    loss                 | 0.459       |
|    n_updates            | 2280        |
|    policy_gradient_loss | -0.0198     |
|    value_loss           | 1.51        |
-----------------------------------------
-----------------------------------------
| time/                   |             |
|    fps                  | 67          |
|    iterations           | 230         |
|    time_elapsed         | 14056       |
|    total_timesteps      | 942080      |
| train/                  |             |
|    approx_kl            | 0.026149057 |
|    clip_fraction        | 0.338       |
|    clip_range           | 0.2         |
|    entropy_loss         | -3.26       |
|    explained_variance   | 0.841       |
|    learning_rate        | 0.0003      |
|    loss                 | 0.0922      |
|    n_updates            | 2290        |
|    policy_gradient_loss | -0.0224     |
|    value_loss           | 0.527       |
-----------------------------------------
---------------------------------------
| time/                   |           |
|    fps                  | 67        |
|    iterations           | 231       |
|    time_elapsed         | 14119     |
|    total_timesteps      | 946176    |
| train/                  |           |
|    approx_kl            | 0.0171976 |
|    clip_fraction        | 0.259     |
|    clip_range           | 0.2       |
|    entropy_loss         | -3.27     |
|    explained_variance   | 0.577     |
|    learning_rate        | 0.0003    |
|    loss                 | 2.93      |
|    n_updates            | 2300      |
|    policy_gradient_loss | -0.0151   |
|    value_loss           | 2.76      |
---------------------------------------
-----------------------------------------
| time/                   |             |
|    fps                  | 67          |
|    iterations           | 232         |
|    time_elapsed         | 14183       |
|    total_timesteps      | 950272      |
| train/                  |             |
|    approx_kl            | 0.018762058 |
|    clip_fraction        | 0.249       |
|    clip_range           | 0.2         |
|    entropy_loss         | -3.3        |
|    explained_variance   | 0.475       |
|    learning_rate        | 0.0003      |
|    loss                 | 0.702       |
|    n_updates            | 2310        |
|    policy_gradient_loss | -0.0161     |
|    value_loss           | 2.82        |
-----------------------------------------
-----------------------------------------
| time/                   |             |
|    fps                  | 67          |
|    iterations           | 233         |
|    time_elapsed         | 14244       |
|    total_timesteps      | 954368      |
| train/                  |             |
|    approx_kl            | 0.029350098 |
|    clip_fraction        | 0.338       |
|    clip_range           | 0.2         |
|    entropy_loss         | -3.28       |
|    explained_variance   | 0.887       |
|    learning_rate        | 0.0003      |
|    loss                 | 0.0509      |
|    n_updates            | 2320        |
|    policy_gradient_loss | -0.0226     |
|    value_loss           | 0.367       |
-----------------------------------------
---------------------------------------
| time/                   |           |
|    fps                  | 67        |
|    iterations           | 234       |
|    time_elapsed         | 14301     |
|    total_timesteps      | 958464    |
| train/                  |           |
|    approx_kl            | 0.0210997 |
|    clip_fraction        | 0.272     |
|    clip_range           | 0.2       |
|    entropy_loss         | -3.21     |
|    explained_variance   | 0.921     |
|    learning_rate        | 0.0003    |
|    loss                 | 0.235     |
|    n_updates            | 2330      |
|    policy_gradient_loss | -0.0229   |
|    value_loss           | 0.506     |
---------------------------------------
-----------------------------------------
| time/                   |             |
|    fps                  | 67          |
|    iterations           | 235         |
|    time_elapsed         | 14366       |
|    total_timesteps      | 962560      |
| train/                  |             |
|    approx_kl            | 0.019806115 |
|    clip_fraction        | 0.228       |
|    clip_range           | 0.2         |
|    entropy_loss         | -3.29       |
|    explained_variance   | 0.629       |
|    learning_rate        | 0.0003      |
|    loss                 | 0.449       |
|    n_updates            | 2340        |
|    policy_gradient_loss | -0.017      |
|    value_loss           | 2.73        |
-----------------------------------------
-----------------------------------------
| time/                   |             |
|    fps                  | 66          |
|    iterations           | 236         |
|    time_elapsed         | 14429       |
|    total_timesteps      | 966656      |
| train/                  |             |
|    approx_kl            | 0.013435975 |
|    clip_fraction        | 0.144       |
|    clip_range           | 0.2         |
|    entropy_loss         | -3.33       |
|    explained_variance   | 0.434       |
|    learning_rate        | 0.0003      |
|    loss                 | 0.459       |
|    n_updates            | 2350        |
|    policy_gradient_loss | -0.0142     |
|    value_loss           | 3.43        |
-----------------------------------------
----------------------------------------
| time/                   |            |
|    fps                  | 66         |
|    iterations           | 237        |
|    time_elapsed         | 14489      |
|    total_timesteps      | 970752     |
| train/                  |            |
|    approx_kl            | 0.01794488 |
|    clip_fraction        | 0.259      |
|    clip_range           | 0.2        |
|    entropy_loss         | -3.28      |
|    explained_variance   | 0.587      |
|    learning_rate        | 0.0003     |
|    loss                 | 3.95       |
|    n_updates            | 2360       |
|    policy_gradient_loss | -0.0168    |
|    value_loss           | 2.46       |
----------------------------------------
-----------------------------------------
| time/                   |             |
|    fps                  | 66          |
|    iterations           | 238         |
|    time_elapsed         | 14555       |
|    total_timesteps      | 974848      |
| train/                  |             |
|    approx_kl            | 0.014198669 |
|    clip_fraction        | 0.211       |
|    clip_range           | 0.2         |
|    entropy_loss         | -3.17       |
|    explained_variance   | 0.562       |
|    learning_rate        | 0.0003      |
|    loss                 | 7.19        |
|    n_updates            | 2370        |
|    policy_gradient_loss | -0.00966    |
|    value_loss           | 5.88        |
-----------------------------------------
-----------------------------------------
| time/                   |             |
|    fps                  | 66          |
|    iterations           | 239         |
|    time_elapsed         | 14623       |
|    total_timesteps      | 978944      |
| train/                  |             |
|    approx_kl            | 0.023578692 |
|    clip_fraction        | 0.27        |
|    clip_range           | 0.2         |
|    entropy_loss         | -3.15       |
|    explained_variance   | 0.753       |
|    learning_rate        | 0.0003      |
|    loss                 | 1.33        |
|    n_updates            | 2380        |
|    policy_gradient_loss | -0.0163     |
|    value_loss           | 3.39        |
-----------------------------------------
------------------------------------------
| time/                   |              |
|    fps                  | 66           |
|    iterations           | 240          |
|    time_elapsed         | 14693        |
|    total_timesteps      | 983040       |
| train/                  |              |
|    approx_kl            | 0.0127434805 |
|    clip_fraction        | 0.16         |
|    clip_range           | 0.2          |
|    entropy_loss         | -3.01        |
|    explained_variance   | 0.483        |
|    learning_rate        | 0.0003       |
|    loss                 | 1.7          |
|    n_updates            | 2390         |
|    policy_gradient_loss | -0.0154      |
|    value_loss           | 10.7         |
------------------------------------------
-----------------------------------------
| time/                   |             |
|    fps                  | 66          |
|    iterations           | 241         |
|    time_elapsed         | 14757       |
|    total_timesteps      | 987136      |
| train/                  |             |
|    approx_kl            | 0.014484177 |
|    clip_fraction        | 0.169       |
|    clip_range           | 0.2         |
|    entropy_loss         | -3.02       |
|    explained_variance   | 0.587       |
|    learning_rate        | 0.0003      |
|    loss                 | 2.46        |
|    n_updates            | 2400        |
|    policy_gradient_loss | -0.0133     |
|    value_loss           | 8.37        |
-----------------------------------------
-----------------------------------------
| time/                   |             |
|    fps                  | 66          |
|    iterations           | 242         |
|    time_elapsed         | 14822       |
|    total_timesteps      | 991232      |
| train/                  |             |
|    approx_kl            | 0.022429978 |
|    clip_fraction        | 0.245       |
|    clip_range           | 0.2         |
|    entropy_loss         | -3.21       |
|    explained_variance   | 0.599       |
|    learning_rate        | 0.0003      |
|    loss                 | 1.13        |
|    n_updates            | 2410        |
|    policy_gradient_loss | -0.0125     |
|    value_loss           | 5.4         |
-----------------------------------------
-----------------------------------------
| time/                   |             |
|    fps                  | 66          |
|    iterations           | 243         |
|    time_elapsed         | 14889       |
|    total_timesteps      | 995328      |
| train/                  |             |
|    approx_kl            | 0.019162418 |
|    clip_fraction        | 0.21        |
|    clip_range           | 0.2         |
|    entropy_loss         | -3.04       |
|    explained_variance   | 0.638       |
|    learning_rate        | 0.0003      |
|    loss                 | 1.44        |
|    n_updates            | 2420        |
|    policy_gradient_loss | -0.0131     |
|    value_loss           | 6.03        |
-----------------------------------------
-----------------------------------------
| time/                   |             |
|    fps                  | 66          |
|    iterations           | 244         |
|    time_elapsed         | 14951       |
|    total_timesteps      | 999424      |
| train/                  |             |
|    approx_kl            | 0.028916389 |
|    clip_fraction        | 0.305       |
|    clip_range           | 0.2         |
|    entropy_loss         | -3.1        |
|    explained_variance   | 0.555       |
|    learning_rate        | 0.0003      |
|    loss                 | 0.987       |
|    n_updates            | 2430        |
|    policy_gradient_loss | -0.0188     |
|    value_loss           | 4.03        |
-----------------------------------------
-----------------------------------------
| time/                   |             |
|    fps                  | 66          |
|    iterations           | 245         |
|    time_elapsed         | 15018       |
|    total_timesteps      | 1003520     |
| train/                  |             |
|    approx_kl            | 0.019916978 |
|    clip_fraction        | 0.223       |
|    clip_range           | 0.2         |
|    entropy_loss         | -2.94       |
|    explained_variance   | 0.5         |
|    learning_rate        | 0.0003      |
|    loss                 | 2.12        |
|    n_updates            | 2440        |
|    policy_gradient_loss | -0.0119     |
|    value_loss           | 9.13        |
-----------------------------------------
----------------------------------------
| time/                   |            |
|    fps                  | 66         |
|    iterations           | 246        |
|    time_elapsed         | 15083      |
|    total_timesteps      | 1007616    |
| train/                  |            |
|    approx_kl            | 0.02361704 |
|    clip_fraction        | 0.34       |
|    clip_range           | 0.2        |
|    entropy_loss         | -3.07      |
|    explained_variance   | 0.365      |
|    learning_rate        | 0.0003     |
|    loss                 | 1.02       |
|    n_updates            | 2450       |
|    policy_gradient_loss | -0.0113    |
|    value_loss           | 6.07       |
----------------------------------------
-----------------------------------------
| time/                   |             |
|    fps                  | 66          |
|    iterations           | 247         |
|    time_elapsed         | 15149       |
|    total_timesteps      | 1011712     |
| train/                  |             |
|    approx_kl            | 0.023294162 |
|    clip_fraction        | 0.3         |
|    clip_range           | 0.2         |
|    entropy_loss         | -3.1        |
|    explained_variance   | 0.561       |
|    learning_rate        | 0.0003      |
|    loss                 | 1.49        |
|    n_updates            | 2460        |
|    policy_gradient_loss | -0.0113     |
|    value_loss           | 6.13        |
-----------------------------------------
-----------------------------------------
| time/                   |             |
|    fps                  | 66          |
|    iterations           | 248         |
|    time_elapsed         | 15216       |
|    total_timesteps      | 1015808     |
| train/                  |             |
|    approx_kl            | 0.017221045 |
|    clip_fraction        | 0.23        |
|    clip_range           | 0.2         |
|    entropy_loss         | -2.95       |
|    explained_variance   | 0.346       |
|    learning_rate        | 0.0003      |
|    loss                 | 5.2         |
|    n_updates            | 2470        |
|    policy_gradient_loss | -0.0167     |
|    value_loss           | 8.9         |
-----------------------------------------
-----------------------------------------
| time/                   |             |
|    fps                  | 66          |
|    iterations           | 249         |
|    time_elapsed         | 15282       |
|    total_timesteps      | 1019904     |
| train/                  |             |
|    approx_kl            | 0.027752835 |
|    clip_fraction        | 0.294       |
|    clip_range           | 0.2         |
|    entropy_loss         | -2.99       |
|    explained_variance   | 0.676       |
|    learning_rate        | 0.0003      |
|    loss                 | 2.66        |
|    n_updates            | 2480        |
|    policy_gradient_loss | -0.0189     |
|    value_loss           | 6.1         |
-----------------------------------------
-----------------------------------------
| time/                   |             |
|    fps                  | 66          |
|    iterations           | 250         |
|    time_elapsed         | 15357       |
|    total_timesteps      | 1024000     |
| train/                  |             |
|    approx_kl            | 0.018097837 |
|    clip_fraction        | 0.213       |
|    clip_range           | 0.2         |
|    entropy_loss         | -2.9        |
|    explained_variance   | 0.75        |
|    learning_rate        | 0.0003      |
|    loss                 | 2.51        |
|    n_updates            | 2490        |
|    policy_gradient_loss | -0.017      |
|    value_loss           | 7.76        |
-----------------------------------------
-----------------------------------------
| time/                   |             |
|    fps                  | 66          |
|    iterations           | 251         |
|    time_elapsed         | 15421       |
|    total_timesteps      | 1028096     |
| train/                  |             |
|    approx_kl            | 0.022113424 |
|    clip_fraction        | 0.282       |
|    clip_range           | 0.2         |
|    entropy_loss         | -3.06       |
|    explained_variance   | 0.708       |
|    learning_rate        | 0.0003      |
|    loss                 | 1.48        |
|    n_updates            | 2500        |
|    policy_gradient_loss | -0.0217     |
|    value_loss           | 7.54        |
-----------------------------------------
-----------------------------------------
| time/                   |             |
|    fps                  | 66          |
|    iterations           | 252         |
|    time_elapsed         | 15485       |
|    total_timesteps      | 1032192     |
| train/                  |             |
|    approx_kl            | 0.019977957 |
|    clip_fraction        | 0.251       |
|    clip_range           | 0.2         |
|    entropy_loss         | -3.06       |
|    explained_variance   | 0.853       |
|    learning_rate        | 0.0003      |
|    loss                 | 0.946       |
|    n_updates            | 2510        |
|    policy_gradient_loss | -0.0205     |
|    value_loss           | 5.59        |
-----------------------------------------
-----------------------------------------
| time/                   |             |
|    fps                  | 66          |
|    iterations           | 253         |
|    time_elapsed         | 15549       |
|    total_timesteps      | 1036288     |
| train/                  |             |
|    approx_kl            | 0.022095814 |
|    clip_fraction        | 0.279       |
|    clip_range           | 0.2         |
|    entropy_loss         | -3.09       |
|    explained_variance   | 0.793       |
|    learning_rate        | 0.0003      |
|    loss                 | 1.6         |
|    n_updates            | 2520        |
|    policy_gradient_loss | -0.0137     |
|    value_loss           | 4.84        |
-----------------------------------------
-----------------------------------------
| time/                   |             |
|    fps                  | 66          |
|    iterations           | 254         |
|    time_elapsed         | 15615       |
|    total_timesteps      | 1040384     |
| train/                  |             |
|    approx_kl            | 0.019049492 |
|    clip_fraction        | 0.25        |
|    clip_range           | 0.2         |
|    entropy_loss         | -3.01       |
|    explained_variance   | 0.789       |
|    learning_rate        | 0.0003      |
|    loss                 | 1.34        |
|    n_updates            | 2530        |
|    policy_gradient_loss | -0.0148     |
|    value_loss           | 7.52        |
-----------------------------------------
-----------------------------------------
| time/                   |             |
|    fps                  | 66          |
|    iterations           | 255         |
|    time_elapsed         | 15680       |
|    total_timesteps      | 1044480     |
| train/                  |             |
|    approx_kl            | 0.019317355 |
|    clip_fraction        | 0.229       |
|    clip_range           | 0.2         |
|    entropy_loss         | -2.97       |
|    explained_variance   | 0.662       |
|    learning_rate        | 0.0003      |
|    loss                 | 14.9        |
|    n_updates            | 2540        |
|    policy_gradient_loss | -0.0107     |
|    value_loss           | 14.8        |
-----------------------------------------
-----------------------------------------
| time/                   |             |
|    fps                  | 66          |
|    iterations           | 256         |
|    time_elapsed         | 15745       |
|    total_timesteps      | 1048576     |
| train/                  |             |
|    approx_kl            | 0.021331644 |
|    clip_fraction        | 0.29        |
|    clip_range           | 0.2         |
|    entropy_loss         | -3.01       |
|    explained_variance   | 0.666       |
|    learning_rate        | 0.0003      |
|    loss                 | 1.08        |
|    n_updates            | 2550        |
|    policy_gradient_loss | -0.0165     |
|    value_loss           | 7.43        |
-----------------------------------------
-----------------------------------------
| time/                   |             |
|    fps                  | 66          |
|    iterations           | 257         |
|    time_elapsed         | 15805       |
|    total_timesteps      | 1052672     |
| train/                  |             |
|    approx_kl            | 0.021334492 |
|    clip_fraction        | 0.284       |
|    clip_range           | 0.2         |
|    entropy_loss         | -2.95       |
|    explained_variance   | 0.656       |
|    learning_rate        | 0.0003      |
|    loss                 | 1.23        |
|    n_updates            | 2560        |
|    policy_gradient_loss | -0.0224     |
|    value_loss           | 7.01        |
-----------------------------------------
-----------------------------------------
| time/                   |             |
|    fps                  | 66          |
|    iterations           | 258         |
|    time_elapsed         | 15875       |
|    total_timesteps      | 1056768     |
| train/                  |             |
|    approx_kl            | 0.027101869 |
|    clip_fraction        | 0.306       |
|    clip_range           | 0.2         |
|    entropy_loss         | -2.94       |
|    explained_variance   | 0.783       |
|    learning_rate        | 0.0003      |
|    loss                 | 1.33        |
|    n_updates            | 2570        |
|    policy_gradient_loss | -0.011      |
|    value_loss           | 7.22        |
-----------------------------------------
-----------------------------------------
| time/                   |             |
|    fps                  | 66          |
|    iterations           | 259         |
|    time_elapsed         | 15944       |
|    total_timesteps      | 1060864     |
| train/                  |             |
|    approx_kl            | 0.023361597 |
|    clip_fraction        | 0.306       |
|    clip_range           | 0.2         |
|    entropy_loss         | -2.93       |
|    explained_variance   | 0.612       |
|    learning_rate        | 0.0003      |
|    loss                 | 1.88        |
|    n_updates            | 2580        |
|    policy_gradient_loss | -0.0236     |
|    value_loss           | 7.46        |
-----------------------------------------
-----------------------------------------
| time/                   |             |
|    fps                  | 66          |
|    iterations           | 260         |
|    time_elapsed         | 16010       |
|    total_timesteps      | 1064960     |
| train/                  |             |
|    approx_kl            | 0.022839764 |
|    clip_fraction        | 0.244       |
|    clip_range           | 0.2         |
|    entropy_loss         | -2.91       |
|    explained_variance   | 0.635       |
|    learning_rate        | 0.0003      |
|    loss                 | 2.7         |
|    n_updates            | 2590        |
|    policy_gradient_loss | -0.0192     |
|    value_loss           | 7.81        |
-----------------------------------------
-----------------------------------------
| time/                   |             |
|    fps                  | 66          |
|    iterations           | 261         |
|    time_elapsed         | 16080       |
|    total_timesteps      | 1069056     |
| train/                  |             |
|    approx_kl            | 0.030495174 |
|    clip_fraction        | 0.326       |
|    clip_range           | 0.2         |
|    entropy_loss         | -2.98       |
|    explained_variance   | 0.785       |
|    learning_rate        | 0.0003      |
|    loss                 | 1.09        |
|    n_updates            | 2600        |
|    policy_gradient_loss | -0.0173     |
|    value_loss           | 3.74        |
-----------------------------------------
-----------------------------------------
| time/                   |             |
|    fps                  | 66          |
|    iterations           | 262         |
|    time_elapsed         | 16153       |
|    total_timesteps      | 1073152     |
| train/                  |             |
|    approx_kl            | 0.019985156 |
|    clip_fraction        | 0.256       |
|    clip_range           | 0.2         |
|    entropy_loss         | -2.85       |
|    explained_variance   | 0.648       |
|    learning_rate        | 0.0003      |
|    loss                 | 1.18        |
|    n_updates            | 2610        |
|    policy_gradient_loss | -0.0232     |
|    value_loss           | 7.98        |
-----------------------------------------
-----------------------------------------
| time/                   |             |
|    fps                  | 66          |
|    iterations           | 263         |
|    time_elapsed         | 16219       |
|    total_timesteps      | 1077248     |
| train/                  |             |
|    approx_kl            | 0.017628346 |
|    clip_fraction        | 0.227       |
|    clip_range           | 0.2         |
|    entropy_loss         | -2.92       |
|    explained_variance   | 0.786       |
|    learning_rate        | 0.0003      |
|    loss                 | 3.29        |
|    n_updates            | 2620        |
|    policy_gradient_loss | -0.0221     |
|    value_loss           | 8.29        |
-----------------------------------------
-----------------------------------------
| time/                   |             |
|    fps                  | 66          |
|    iterations           | 264         |
|    time_elapsed         | 16285       |
|    total_timesteps      | 1081344     |
| train/                  |             |
|    approx_kl            | 0.029358465 |
|    clip_fraction        | 0.316       |
|    clip_range           | 0.2         |
|    entropy_loss         | -3.02       |
|    explained_variance   | 0.75        |
|    learning_rate        | 0.0003      |
|    loss                 | 1.02        |
|    n_updates            | 2630        |
|    policy_gradient_loss | -0.0191     |
|    value_loss           | 4.29        |
-----------------------------------------
----------------------------------------
| time/                   |            |
|    fps                  | 66         |
|    iterations           | 265        |
|    time_elapsed         | 16353      |
|    total_timesteps      | 1085440    |
| train/                  |            |
|    approx_kl            | 0.01646911 |
|    clip_fraction        | 0.195      |
|    clip_range           | 0.2        |
|    entropy_loss         | -2.86      |
|    explained_variance   | 0.646      |
|    learning_rate        | 0.0003     |
|    loss                 | 3.04       |
|    n_updates            | 2640       |
|    policy_gradient_loss | -0.0155    |
|    value_loss           | 8.13       |
----------------------------------------
-----------------------------------------
| time/                   |             |
|    fps                  | 66          |
|    iterations           | 266         |
|    time_elapsed         | 16416       |
|    total_timesteps      | 1089536     |
| train/                  |             |
|    approx_kl            | 0.024804514 |
|    clip_fraction        | 0.309       |
|    clip_range           | 0.2         |
|    entropy_loss         | -3.01       |
|    explained_variance   | 0.78        |
|    learning_rate        | 0.0003      |
|    loss                 | 1.16        |
|    n_updates            | 2650        |
|    policy_gradient_loss | -0.0177     |
|    value_loss           | 4.92        |
-----------------------------------------
-----------------------------------------
| time/                   |             |
|    fps                  | 66          |
|    iterations           | 267         |
|    time_elapsed         | 16479       |
|    total_timesteps      | 1093632     |
| train/                  |             |
|    approx_kl            | 0.023660248 |
|    clip_fraction        | 0.251       |
|    clip_range           | 0.2         |
|    entropy_loss         | -3.01       |
|    explained_variance   | 0.49        |
|    learning_rate        | 0.0003      |
|    loss                 | 1.46        |
|    n_updates            | 2660        |
|    policy_gradient_loss | -0.0107     |
|    value_loss           | 9.66        |
-----------------------------------------
-----------------------------------------
| time/                   |             |
|    fps                  | 66          |
|    iterations           | 268         |
|    time_elapsed         | 16544       |
|    total_timesteps      | 1097728     |
| train/                  |             |
|    approx_kl            | 0.026112098 |
|    clip_fraction        | 0.348       |
|    clip_range           | 0.2         |
|    entropy_loss         | -2.98       |
|    explained_variance   | 0.691       |
|    learning_rate        | 0.0003      |
|    loss                 | 1.81        |
|    n_updates            | 2670        |
|    policy_gradient_loss | -0.0124     |
|    value_loss           | 5.72        |
-----------------------------------------
-----------------------------------------
| time/                   |             |
|    fps                  | 66          |
|    iterations           | 269         |
|    time_elapsed         | 16604       |
|    total_timesteps      | 1101824     |
| train/                  |             |
|    approx_kl            | 0.023598537 |
|    clip_fraction        | 0.332       |
|    clip_range           | 0.2         |
|    entropy_loss         | -3.13       |
|    explained_variance   | 0.538       |
|    learning_rate        | 0.0003      |
|    loss                 | 0.737       |
|    n_updates            | 2680        |
|    policy_gradient_loss | -0.021      |
|    value_loss           | 5.89        |
-----------------------------------------
-----------------------------------------
| time/                   |             |
|    fps                  | 66          |
|    iterations           | 270         |
|    time_elapsed         | 16678       |
|    total_timesteps      | 1105920     |
| train/                  |             |
|    approx_kl            | 0.028954338 |
|    clip_fraction        | 0.337       |
|    clip_range           | 0.2         |
|    entropy_loss         | -3.1        |
|    explained_variance   | 0.687       |
|    learning_rate        | 0.0003      |
|    loss                 | 2.01        |
|    n_updates            | 2690        |
|    policy_gradient_loss | -0.0191     |
|    value_loss           | 3.84        |
-----------------------------------------
-----------------------------------------
| time/                   |             |
|    fps                  | 66          |
|    iterations           | 271         |
|    time_elapsed         | 16742       |
|    total_timesteps      | 1110016     |
| train/                  |             |
|    approx_kl            | 0.033350926 |
|    clip_fraction        | 0.321       |
|    clip_range           | 0.2         |
|    entropy_loss         | -3.13       |
|    explained_variance   | 0.705       |
|    learning_rate        | 0.0003      |
|    loss                 | 5.99        |
|    n_updates            | 2700        |
|    policy_gradient_loss | -0.0161     |
|    value_loss           | 4.12        |
-----------------------------------------
-----------------------------------------
| time/                   |             |
|    fps                  | 66          |
|    iterations           | 272         |
|    time_elapsed         | 16805       |
|    total_timesteps      | 1114112     |
| train/                  |             |
|    approx_kl            | 0.021771608 |
|    clip_fraction        | 0.304       |
|    clip_range           | 0.2         |
|    entropy_loss         | -3.11       |
|    explained_variance   | 0.803       |
|    learning_rate        | 0.0003      |
|    loss                 | 1.29        |
|    n_updates            | 2710        |
|    policy_gradient_loss | -0.0118     |
|    value_loss           | 4.59        |
-----------------------------------------
-----------------------------------------
| time/                   |             |
|    fps                  | 66          |
|    iterations           | 273         |
|    time_elapsed         | 16874       |
|    total_timesteps      | 1118208     |
| train/                  |             |
|    approx_kl            | 0.025876243 |
|    clip_fraction        | 0.284       |
|    clip_range           | 0.2         |
|    entropy_loss         | -3.1        |
|    explained_variance   | 0.571       |
|    learning_rate        | 0.0003      |
|    loss                 | 3.26        |
|    n_updates            | 2720        |
|    policy_gradient_loss | -0.00981    |
|    value_loss           | 5.86        |
-----------------------------------------
----------------------------------------
| time/                   |            |
|    fps                  | 66         |
|    iterations           | 274        |
|    time_elapsed         | 16935      |
|    total_timesteps      | 1122304    |
| train/                  |            |
|    approx_kl            | 0.03003055 |
|    clip_fraction        | 0.343      |
|    clip_range           | 0.2        |
|    entropy_loss         | -3.08      |
|    explained_variance   | 0.777      |
|    learning_rate        | 0.0003     |
|    loss                 | 1.14       |
|    n_updates            | 2730       |
|    policy_gradient_loss | -0.0199    |
|    value_loss           | 2.9        |
----------------------------------------
-----------------------------------------
| time/                   |             |
|    fps                  | 66          |
|    iterations           | 275         |
|    time_elapsed         | 17004       |
|    total_timesteps      | 1126400     |
| train/                  |             |
|    approx_kl            | 0.025055736 |
|    clip_fraction        | 0.324       |
|    clip_range           | 0.2         |
|    entropy_loss         | -3.1        |
|    explained_variance   | 0.83        |
|    learning_rate        | 0.0003      |
|    loss                 | 0.93        |
|    n_updates            | 2740        |
|    policy_gradient_loss | -0.0163     |
|    value_loss           | 2.83        |
-----------------------------------------
-----------------------------------------
| time/                   |             |
|    fps                  | 66          |
|    iterations           | 276         |
|    time_elapsed         | 17068       |
|    total_timesteps      | 1130496     |
| train/                  |             |
|    approx_kl            | 0.033092815 |
|    clip_fraction        | 0.327       |
|    clip_range           | 0.2         |
|    entropy_loss         | -3.14       |
|    explained_variance   | 0.802       |
|    learning_rate        | 0.0003      |
|    loss                 | 0.262       |
|    n_updates            | 2750        |
|    policy_gradient_loss | -0.0146     |
|    value_loss           | 2.28        |
-----------------------------------------
-----------------------------------------
| time/                   |             |
|    fps                  | 66          |
|    iterations           | 277         |
|    time_elapsed         | 17128       |
|    total_timesteps      | 1134592     |
| train/                  |             |
|    approx_kl            | 0.025228526 |
|    clip_fraction        | 0.281       |
|    clip_range           | 0.2         |
|    entropy_loss         | -3.1        |
|    explained_variance   | 0.525       |
|    learning_rate        | 0.0003      |
|    loss                 | 0.266       |
|    n_updates            | 2760        |
|    policy_gradient_loss | -0.0166     |
|    value_loss           | 1.79        |
-----------------------------------------
-----------------------------------------
| time/                   |             |
|    fps                  | 66          |
|    iterations           | 278         |
|    time_elapsed         | 17190       |
|    total_timesteps      | 1138688     |
| train/                  |             |
|    approx_kl            | 0.026752919 |
|    clip_fraction        | 0.259       |
|    clip_range           | 0.2         |
|    entropy_loss         | -3.06       |
|    explained_variance   | 0.726       |
|    learning_rate        | 0.0003      |
|    loss                 | 2.87        |
|    n_updates            | 2770        |
|    policy_gradient_loss | -0.0171     |
|    value_loss           | 4.04        |
-----------------------------------------
-----------------------------------------
| time/                   |             |
|    fps                  | 66          |
|    iterations           | 279         |
|    time_elapsed         | 17252       |
|    total_timesteps      | 1142784     |
| train/                  |             |
|    approx_kl            | 0.025836179 |
|    clip_fraction        | 0.276       |
|    clip_range           | 0.2         |
|    entropy_loss         | -3.03       |
|    explained_variance   | 0.711       |
|    learning_rate        | 0.0003      |
|    loss                 | 0.784       |
|    n_updates            | 2780        |
|    policy_gradient_loss | -0.0157     |
|    value_loss           | 4.96        |
-----------------------------------------
-----------------------------------------
| time/                   |             |
|    fps                  | 66          |
|    iterations           | 280         |
|    time_elapsed         | 17327       |
|    total_timesteps      | 1146880     |
| train/                  |             |
|    approx_kl            | 0.025108162 |
|    clip_fraction        | 0.289       |
|    clip_range           | 0.2         |
|    entropy_loss         | -3.11       |
|    explained_variance   | 0.653       |
|    learning_rate        | 0.0003      |
|    loss                 | 1.88        |
|    n_updates            | 2790        |
|    policy_gradient_loss | -0.0204     |
|    value_loss           | 3.23        |
-----------------------------------------
-----------------------------------------
| time/                   |             |
|    fps                  | 66          |
|    iterations           | 281         |
|    time_elapsed         | 17392       |
|    total_timesteps      | 1150976     |
| train/                  |             |
|    approx_kl            | 0.014368701 |
|    clip_fraction        | 0.159       |
|    clip_range           | 0.2         |
|    entropy_loss         | -2.93       |
|    explained_variance   | 0.688       |
|    learning_rate        | 0.0003      |
|    loss                 | 11.8        |
|    n_updates            | 2800        |
|    policy_gradient_loss | -0.013      |
|    value_loss           | 13.5        |
-----------------------------------------
-----------------------------------------
| time/                   |             |
|    fps                  | 66          |
|    iterations           | 282         |
|    time_elapsed         | 17455       |
|    total_timesteps      | 1155072     |
| train/                  |             |
|    approx_kl            | 0.036041453 |
|    clip_fraction        | 0.326       |
|    clip_range           | 0.2         |
|    entropy_loss         | -3.04       |
|    explained_variance   | 0.808       |
|    learning_rate        | 0.0003      |
|    loss                 | 0.589       |
|    n_updates            | 2810        |
|    policy_gradient_loss | -0.0158     |
|    value_loss           | 2.34        |
-----------------------------------------
----------------------------------------
| time/                   |            |
|    fps                  | 66         |
|    iterations           | 283        |
|    time_elapsed         | 17521      |
|    total_timesteps      | 1159168    |
| train/                  |            |
|    approx_kl            | 0.02333812 |
|    clip_fraction        | 0.304      |
|    clip_range           | 0.2        |
|    entropy_loss         | -2.96      |
|    explained_variance   | 0.81       |
|    learning_rate        | 0.0003     |
|    loss                 | 0.593      |
|    n_updates            | 2820       |
|    policy_gradient_loss | -0.0179    |
|    value_loss           | 2.9        |
----------------------------------------
-----------------------------------------
| time/                   |             |
|    fps                  | 66          |
|    iterations           | 284         |
|    time_elapsed         | 17591       |
|    total_timesteps      | 1163264     |
| train/                  |             |
|    approx_kl            | 0.022083603 |
|    clip_fraction        | 0.274       |
|    clip_range           | 0.2         |
|    entropy_loss         | -2.96       |
|    explained_variance   | 0.753       |
|    learning_rate        | 0.0003      |
|    loss                 | 1.79        |
|    n_updates            | 2830        |
|    policy_gradient_loss | -0.0157     |
|    value_loss           | 6.15        |
-----------------------------------------
-----------------------------------------
| time/                   |             |
|    fps                  | 66          |
|    iterations           | 285         |
|    time_elapsed         | 17659       |
|    total_timesteps      | 1167360     |
| train/                  |             |
|    approx_kl            | 0.015280659 |
|    clip_fraction        | 0.174       |
|    clip_range           | 0.2         |
|    entropy_loss         | -2.91       |
|    explained_variance   | 0.558       |
|    learning_rate        | 0.0003      |
|    loss                 | 3.38        |
|    n_updates            | 2840        |
|    policy_gradient_loss | -0.0129     |
|    value_loss           | 12          |
-----------------------------------------
----------------------------------------
| time/                   |            |
|    fps                  | 66         |
|    iterations           | 286        |
|    time_elapsed         | 17723      |
|    total_timesteps      | 1171456    |
| train/                  |            |
|    approx_kl            | 0.01667488 |
|    clip_fraction        | 0.229      |
|    clip_range           | 0.2        |
|    entropy_loss         | -2.97      |
|    explained_variance   | 0.46       |
|    learning_rate        | 0.0003     |
|    loss                 | 4.42       |
|    n_updates            | 2850       |
|    policy_gradient_loss | -0.0154    |
|    value_loss           | 11         |
----------------------------------------
-----------------------------------------
| time/                   |             |
|    fps                  | 66          |
|    iterations           | 287         |
|    time_elapsed         | 17793       |
|    total_timesteps      | 1175552     |
| train/                  |             |
|    approx_kl            | 0.028665625 |
|    clip_fraction        | 0.283       |
|    clip_range           | 0.2         |
|    entropy_loss         | -3.05       |
|    explained_variance   | 0.61        |
|    learning_rate        | 0.0003      |
|    loss                 | 0.781       |
|    n_updates            | 2860        |
|    policy_gradient_loss | -0.0109     |
|    value_loss           | 3.31        |
-----------------------------------------
-----------------------------------------
| time/                   |             |
|    fps                  | 66          |
|    iterations           | 288         |
|    time_elapsed         | 17860       |
|    total_timesteps      | 1179648     |
| train/                  |             |
|    approx_kl            | 0.015086429 |
|    clip_fraction        | 0.169       |
|    clip_range           | 0.2         |
|    entropy_loss         | -2.8        |
|    explained_variance   | 0.406       |
|    learning_rate        | 0.0003      |
|    loss                 | 1.45        |
|    n_updates            | 2870        |
|    policy_gradient_loss | -0.0155     |
|    value_loss           | 12.7        |
-----------------------------------------
-----------------------------------------
| time/                   |             |
|    fps                  | 66          |
|    iterations           | 289         |
|    time_elapsed         | 17924       |
|    total_timesteps      | 1183744     |
| train/                  |             |
|    approx_kl            | 0.017012915 |
|    clip_fraction        | 0.199       |
|    clip_range           | 0.2         |
|    entropy_loss         | -2.99       |
|    explained_variance   | 0.633       |
|    learning_rate        | 0.0003      |
|    loss                 | 6.18        |
|    n_updates            | 2880        |
|    policy_gradient_loss | -0.0154     |
|    value_loss           | 9.94        |
-----------------------------------------
-----------------------------------------
| time/                   |             |
|    fps                  | 66          |
|    iterations           | 290         |
|    time_elapsed         | 17984       |
|    total_timesteps      | 1187840     |
| train/                  |             |
|    approx_kl            | 0.022146275 |
|    clip_fraction        | 0.293       |
|    clip_range           | 0.2         |
|    entropy_loss         | -3.01       |
|    explained_variance   | 0.534       |
|    learning_rate        | 0.0003      |
|    loss                 | 1.88        |
|    n_updates            | 2890        |
|    policy_gradient_loss | -0.016      |
|    value_loss           | 5.47        |
-----------------------------------------
-----------------------------------------
| time/                   |             |
|    fps                  | 66          |
|    iterations           | 291         |
|    time_elapsed         | 18048       |
|    total_timesteps      | 1191936     |
| train/                  |             |
|    approx_kl            | 0.026023353 |
|    clip_fraction        | 0.383       |
|    clip_range           | 0.2         |
|    entropy_loss         | -3.04       |
|    explained_variance   | 0.62        |
|    learning_rate        | 0.0003      |
|    loss                 | 1.53        |
|    n_updates            | 2900        |
|    policy_gradient_loss | -0.00974    |
|    value_loss           | 3.49        |
-----------------------------------------
-----------------------------------------
| time/                   |             |
|    fps                  | 66          |
|    iterations           | 292         |
|    time_elapsed         | 18107       |
|    total_timesteps      | 1196032     |
| train/                  |             |
|    approx_kl            | 0.021545261 |
|    clip_fraction        | 0.248       |
|    clip_range           | 0.2         |
|    entropy_loss         | -3.07       |
|    explained_variance   | 0.527       |
|    learning_rate        | 0.0003      |
|    loss                 | 1.32        |
|    n_updates            | 2910        |
|    policy_gradient_loss | -0.0222     |
|    value_loss           | 7.87        |
-----------------------------------------
-----------------------------------------
| time/                   |             |
|    fps                  | 66          |
|    iterations           | 293         |
|    time_elapsed         | 18171       |
|    total_timesteps      | 1200128     |
| train/                  |             |
|    approx_kl            | 0.029892683 |
|    clip_fraction        | 0.3         |
|    clip_range           | 0.2         |
|    entropy_loss         | -2.99       |
|    explained_variance   | 0.713       |
|    learning_rate        | 0.0003      |
|    loss                 | 5.17        |
|    n_updates            | 2920        |
|    policy_gradient_loss | -0.015      |
|    value_loss           | 4.59        |
-----------------------------------------
----------------------------------------
| time/                   |            |
|    fps                  | 66         |
|    iterations           | 294        |
|    time_elapsed         | 18236      |
|    total_timesteps      | 1204224    |
| train/                  |            |
|    approx_kl            | 0.02792467 |
|    clip_fraction        | 0.29       |
|    clip_range           | 0.2        |
|    entropy_loss         | -3         |
|    explained_variance   | 0.838      |
|    learning_rate        | 0.0003     |
|    loss                 | 1.04       |
|    n_updates            | 2930       |
|    policy_gradient_loss | -0.0117    |
|    value_loss           | 3.87       |
----------------------------------------
-----------------------------------------
| time/                   |             |
|    fps                  | 66          |
|    iterations           | 295         |
|    time_elapsed         | 18303       |
|    total_timesteps      | 1208320     |
| train/                  |             |
|    approx_kl            | 0.016965136 |
|    clip_fraction        | 0.217       |
|    clip_range           | 0.2         |
|    entropy_loss         | -3          |
|    explained_variance   | 0.719       |
|    learning_rate        | 0.0003      |
|    loss                 | 4.18        |
|    n_updates            | 2940        |
|    policy_gradient_loss | -0.0204     |
|    value_loss           | 8.06        |
-----------------------------------------
----------------------------------------
| time/                   |            |
|    fps                  | 66         |
|    iterations           | 296        |
|    time_elapsed         | 18365      |
|    total_timesteps      | 1212416    |
| train/                  |            |
|    approx_kl            | 0.02463827 |
|    clip_fraction        | 0.281      |
|    clip_range           | 0.2        |
|    entropy_loss         | -2.97      |
|    explained_variance   | 0.842      |
|    learning_rate        | 0.0003     |
|    loss                 | 1.09       |
|    n_updates            | 2950       |
|    policy_gradient_loss | -0.0157    |
|    value_loss           | 2.99       |
----------------------------------------
-----------------------------------------
| time/                   |             |
|    fps                  | 66          |
|    iterations           | 297         |
|    time_elapsed         | 18431       |
|    total_timesteps      | 1216512     |
| train/                  |             |
|    approx_kl            | 0.027674327 |
|    clip_fraction        | 0.279       |
|    clip_range           | 0.2         |
|    entropy_loss         | -3.09       |
|    explained_variance   | 0.506       |
|    learning_rate        | 0.0003      |
|    loss                 | 0.623       |
|    n_updates            | 2960        |
|    policy_gradient_loss | -0.0132     |
|    value_loss           | 3.83        |
-----------------------------------------
----------------------------------------
| time/                   |            |
|    fps                  | 65         |
|    iterations           | 298        |
|    time_elapsed         | 18496      |
|    total_timesteps      | 1220608    |
| train/                  |            |
|    approx_kl            | 0.02273944 |
|    clip_fraction        | 0.246      |
|    clip_range           | 0.2        |
|    entropy_loss         | -2.96      |
|    explained_variance   | 0.509      |
|    learning_rate        | 0.0003     |
|    loss                 | 1.66       |
|    n_updates            | 2970       |
|    policy_gradient_loss | -0.0142    |
|    value_loss           | 4.7        |
----------------------------------------
-----------------------------------------
| time/                   |             |
|    fps                  | 65          |
|    iterations           | 299         |
|    time_elapsed         | 18562       |
|    total_timesteps      | 1224704     |
| train/                  |             |
|    approx_kl            | 0.027401332 |
|    clip_fraction        | 0.239       |
|    clip_range           | 0.2         |
|    entropy_loss         | -2.98       |
|    explained_variance   | 0.65        |
|    learning_rate        | 0.0003      |
|    loss                 | 3.32        |
|    n_updates            | 2980        |
|    policy_gradient_loss | -0.0171     |
|    value_loss           | 4.99        |
-----------------------------------------
-----------------------------------------
| time/                   |             |
|    fps                  | 65          |
|    iterations           | 300         |
|    time_elapsed         | 18625       |
|    total_timesteps      | 1228800     |
| train/                  |             |
|    approx_kl            | 0.021702968 |
|    clip_fraction        | 0.236       |
|    clip_range           | 0.2         |
|    entropy_loss         | -2.93       |
|    explained_variance   | 0.703       |
|    learning_rate        | 0.0003      |
|    loss                 | 1.2         |
|    n_updates            | 2990        |
|    policy_gradient_loss | -0.0132     |
|    value_loss           | 4.95        |
-----------------------------------------
-----------------------------------------
| time/                   |             |
|    fps                  | 65          |
|    iterations           | 301         |
|    time_elapsed         | 18691       |
|    total_timesteps      | 1232896     |
| train/                  |             |
|    approx_kl            | 0.021343067 |
|    clip_fraction        | 0.307       |
|    clip_range           | 0.2         |
|    entropy_loss         | -2.88       |
|    explained_variance   | 0.741       |
|    learning_rate        | 0.0003      |
|    loss                 | 0.684       |
|    n_updates            | 3000        |
|    policy_gradient_loss | -0.0182     |
|    value_loss           | 3.6         |
-----------------------------------------
-----------------------------------------
| time/                   |             |
|    fps                  | 65          |
|    iterations           | 302         |
|    time_elapsed         | 18757       |
|    total_timesteps      | 1236992     |
| train/                  |             |
|    approx_kl            | 0.015499105 |
|    clip_fraction        | 0.192       |
|    clip_range           | 0.2         |
|    entropy_loss         | -2.87       |
|    explained_variance   | 0.536       |
|    learning_rate        | 0.0003      |
|    loss                 | 3.55        |
|    n_updates            | 3010        |
|    policy_gradient_loss | -0.0172     |
|    value_loss           | 9.07        |
-----------------------------------------
-----------------------------------------
| time/                   |             |
|    fps                  | 65          |
|    iterations           | 303         |
|    time_elapsed         | 18824       |
|    total_timesteps      | 1241088     |
| train/                  |             |
|    approx_kl            | 0.022026222 |
|    clip_fraction        | 0.232       |
|    clip_range           | 0.2         |
|    entropy_loss         | -2.83       |
|    explained_variance   | 0.787       |
|    learning_rate        | 0.0003      |
|    loss                 | 3.09        |
|    n_updates            | 3020        |
|    policy_gradient_loss | -0.0166     |
|    value_loss           | 6.25        |
-----------------------------------------
-----------------------------------------
| time/                   |             |
|    fps                  | 65          |
|    iterations           | 304         |
|    time_elapsed         | 18888       |
|    total_timesteps      | 1245184     |
| train/                  |             |
|    approx_kl            | 0.022695672 |
|    clip_fraction        | 0.274       |
|    clip_range           | 0.2         |
|    entropy_loss         | -3          |
|    explained_variance   | 0.522       |
|    learning_rate        | 0.0003      |
|    loss                 | 1.01        |
|    n_updates            | 3030        |
|    policy_gradient_loss | -0.0149     |
|    value_loss           | 4.38        |
-----------------------------------------
-----------------------------------------
| time/                   |             |
|    fps                  | 65          |
|    iterations           | 305         |
|    time_elapsed         | 18950       |
|    total_timesteps      | 1249280     |
| train/                  |             |
|    approx_kl            | 0.030098561 |
|    clip_fraction        | 0.357       |
|    clip_range           | 0.2         |
|    entropy_loss         | -3.04       |
|    explained_variance   | 0.603       |
|    learning_rate        | 0.0003      |
|    loss                 | 1.01        |
|    n_updates            | 3040        |
|    policy_gradient_loss | -0.0133     |
|    value_loss           | 2.41        |
-----------------------------------------
-----------------------------------------
| time/                   |             |
|    fps                  | 65          |
|    iterations           | 306         |
|    time_elapsed         | 19014       |
|    total_timesteps      | 1253376     |
| train/                  |             |
|    approx_kl            | 0.018477004 |
|    clip_fraction        | 0.199       |
|    clip_range           | 0.2         |
|    entropy_loss         | -2.9        |
|    explained_variance   | 0.575       |
|    learning_rate        | 0.0003      |
|    loss                 | 0.838       |
|    n_updates            | 3050        |
|    policy_gradient_loss | -0.0146     |
|    value_loss           | 4.73        |
-----------------------------------------
-----------------------------------------
| time/                   |             |
|    fps                  | 65          |
|    iterations           | 307         |
|    time_elapsed         | 19083       |
|    total_timesteps      | 1257472     |
| train/                  |             |
|    approx_kl            | 0.017367952 |
|    clip_fraction        | 0.215       |
|    clip_range           | 0.2         |
|    entropy_loss         | -3.01       |
|    explained_variance   | 0.512       |
|    learning_rate        | 0.0003      |
|    loss                 | 1.81        |
|    n_updates            | 3060        |
|    policy_gradient_loss | -0.017      |
|    value_loss           | 6.58        |
-----------------------------------------
-----------------------------------------
| time/                   |             |
|    fps                  | 65          |
|    iterations           | 308         |
|    time_elapsed         | 19149       |
|    total_timesteps      | 1261568     |
| train/                  |             |
|    approx_kl            | 0.023458395 |
|    clip_fraction        | 0.263       |
|    clip_range           | 0.2         |
|    entropy_loss         | -2.88       |
|    explained_variance   | 0.631       |
|    learning_rate        | 0.0003      |
|    loss                 | 5.91        |
|    n_updates            | 3070        |
|    policy_gradient_loss | -0.017      |
|    value_loss           | 4.99        |
-----------------------------------------
-----------------------------------------
| time/                   |             |
|    fps                  | 65          |
|    iterations           | 309         |
|    time_elapsed         | 19210       |
|    total_timesteps      | 1265664     |
| train/                  |             |
|    approx_kl            | 0.024303684 |
|    clip_fraction        | 0.311       |
|    clip_range           | 0.2         |
|    entropy_loss         | -3.02       |
|    explained_variance   | 0.478       |
|    learning_rate        | 0.0003      |
|    loss                 | 0.851       |
|    n_updates            | 3080        |
|    policy_gradient_loss | -0.0162     |
|    value_loss           | 3.91        |
-----------------------------------------
-----------------------------------------
| time/                   |             |
|    fps                  | 65          |
|    iterations           | 310         |
|    time_elapsed         | 19275       |
|    total_timesteps      | 1269760     |
| train/                  |             |
|    approx_kl            | 0.021626778 |
|    clip_fraction        | 0.302       |
|    clip_range           | 0.2         |
|    entropy_loss         | -2.92       |
|    explained_variance   | 0.623       |
|    learning_rate        | 0.0003      |
|    loss                 | 0.771       |
|    n_updates            | 3090        |
|    policy_gradient_loss | -0.0148     |
|    value_loss           | 4.32        |
-----------------------------------------
----------------------------------------
| time/                   |            |
|    fps                  | 65         |
|    iterations           | 311        |
|    time_elapsed         | 19338      |
|    total_timesteps      | 1273856    |
| train/                  |            |
|    approx_kl            | 0.02345432 |
|    clip_fraction        | 0.281      |
|    clip_range           | 0.2        |
|    entropy_loss         | -2.96      |
|    explained_variance   | 0.609      |
|    learning_rate        | 0.0003     |
|    loss                 | 2.25       |
|    n_updates            | 3100       |
|    policy_gradient_loss | -0.0126    |
|    value_loss           | 5.32       |
----------------------------------------
-----------------------------------------
| time/                   |             |
|    fps                  | 65          |
|    iterations           | 312         |
|    time_elapsed         | 19408       |
|    total_timesteps      | 1277952     |
| train/                  |             |
|    approx_kl            | 0.031243786 |
|    clip_fraction        | 0.371       |
|    clip_range           | 0.2         |
|    entropy_loss         | -3.01       |
|    explained_variance   | 0.337       |
|    learning_rate        | 0.0003      |
|    loss                 | 0.395       |
|    n_updates            | 3110        |
|    policy_gradient_loss | -0.00868    |
|    value_loss           | 7.69        |
-----------------------------------------
-----------------------------------------
| time/                   |             |
|    fps                  | 65          |
|    iterations           | 313         |
|    time_elapsed         | 19472       |
|    total_timesteps      | 1282048     |
| train/                  |             |
|    approx_kl            | 0.022158135 |
|    clip_fraction        | 0.261       |
|    clip_range           | 0.2         |
|    entropy_loss         | -2.89       |
|    explained_variance   | 0.629       |
|    learning_rate        | 0.0003      |
|    loss                 | 1.53        |
|    n_updates            | 3120        |
|    policy_gradient_loss | -0.0162     |
|    value_loss           | 5.44        |
-----------------------------------------
-----------------------------------------
| time/                   |             |
|    fps                  | 65          |
|    iterations           | 314         |
|    time_elapsed         | 19537       |
|    total_timesteps      | 1286144     |
| train/                  |             |
|    approx_kl            | 0.027648564 |
|    clip_fraction        | 0.281       |
|    clip_range           | 0.2         |
|    entropy_loss         | -2.83       |
|    explained_variance   | 0.772       |
|    learning_rate        | 0.0003      |
|    loss                 | 1.19        |
|    n_updates            | 3130        |
|    policy_gradient_loss | -0.0153     |
|    value_loss           | 5.21        |
-----------------------------------------
-----------------------------------------
| time/                   |             |
|    fps                  | 65          |
|    iterations           | 315         |
|    time_elapsed         | 19603       |
|    total_timesteps      | 1290240     |
| train/                  |             |
|    approx_kl            | 0.017697774 |
|    clip_fraction        | 0.192       |
|    clip_range           | 0.2         |
|    entropy_loss         | -2.66       |
|    explained_variance   | 0.748       |
|    learning_rate        | 0.0003      |
|    loss                 | 2.19        |
|    n_updates            | 3140        |
|    policy_gradient_loss | -0.0184     |
|    value_loss           | 12.1        |
-----------------------------------------
-----------------------------------------
| time/                   |             |
|    fps                  | 65          |
|    iterations           | 316         |
|    time_elapsed         | 19666       |
|    total_timesteps      | 1294336     |
| train/                  |             |
|    approx_kl            | 0.022389034 |
|    clip_fraction        | 0.243       |
|    clip_range           | 0.2         |
|    entropy_loss         | -2.9        |
|    explained_variance   | 0.454       |
|    learning_rate        | 0.0003      |
|    loss                 | 2.44        |
|    n_updates            | 3150        |
|    policy_gradient_loss | -0.022      |
|    value_loss           | 7.54        |
-----------------------------------------
-----------------------------------------
| time/                   |             |
|    fps                  | 65          |
|    iterations           | 317         |
|    time_elapsed         | 19735       |
|    total_timesteps      | 1298432     |
| train/                  |             |
|    approx_kl            | 0.026029043 |
|    clip_fraction        | 0.301       |
|    clip_range           | 0.2         |
|    entropy_loss         | -2.89       |
|    explained_variance   | 0.6         |
|    learning_rate        | 0.0003      |
|    loss                 | 1.33        |
|    n_updates            | 3160        |
|    policy_gradient_loss | -0.0125     |
|    value_loss           | 3.75        |
-----------------------------------------
-----------------------------------------
| time/                   |             |
|    fps                  | 65          |
|    iterations           | 318         |
|    time_elapsed         | 19798       |
|    total_timesteps      | 1302528     |
| train/                  |             |
|    approx_kl            | 0.019477021 |
|    clip_fraction        | 0.241       |
|    clip_range           | 0.2         |
|    entropy_loss         | -2.87       |
|    explained_variance   | 0.713       |
|    learning_rate        | 0.0003      |
|    loss                 | 0.942       |
|    n_updates            | 3170        |
|    policy_gradient_loss | -0.0182     |
|    value_loss           | 5.45        |
-----------------------------------------
-----------------------------------------
| time/                   |             |
|    fps                  | 65          |
|    iterations           | 319         |
|    time_elapsed         | 19862       |
|    total_timesteps      | 1306624     |
| train/                  |             |
|    approx_kl            | 0.024950795 |
|    clip_fraction        | 0.212       |
|    clip_range           | 0.2         |
|    entropy_loss         | -2.87       |
|    explained_variance   | 0.523       |
|    learning_rate        | 0.0003      |
|    loss                 | 7.4         |
|    n_updates            | 3180        |
|    policy_gradient_loss | -0.0101     |
|    value_loss           | 9.54        |
-----------------------------------------
----------------------------------------
| time/                   |            |
|    fps                  | 65         |
|    iterations           | 320        |
|    time_elapsed         | 19930      |
|    total_timesteps      | 1310720    |
| train/                  |            |
|    approx_kl            | 0.01729009 |
|    clip_fraction        | 0.219      |
|    clip_range           | 0.2        |
|    entropy_loss         | -2.7       |
|    explained_variance   | 0.745      |
|    learning_rate        | 0.0003     |
|    loss                 | 3.16       |
|    n_updates            | 3190       |
|    policy_gradient_loss | -0.0199    |
|    value_loss           | 9.75       |
----------------------------------------
----------------------------------------
| time/                   |            |
|    fps                  | 65         |
|    iterations           | 321        |
|    time_elapsed         | 19999      |
|    total_timesteps      | 1314816    |
| train/                  |            |
|    approx_kl            | 0.02205864 |
|    clip_fraction        | 0.229      |
|    clip_range           | 0.2        |
|    entropy_loss         | -2.65      |
|    explained_variance   | 0.782      |
|    learning_rate        | 0.0003     |
|    loss                 | 3.34       |
|    n_updates            | 3200       |
|    policy_gradient_loss | -0.0199    |
|    value_loss           | 10.1       |
----------------------------------------
-----------------------------------------
| time/                   |             |
|    fps                  | 65          |
|    iterations           | 322         |
|    time_elapsed         | 20067       |
|    total_timesteps      | 1318912     |
| train/                  |             |
|    approx_kl            | 0.015938893 |
|    clip_fraction        | 0.225       |
|    clip_range           | 0.2         |
|    entropy_loss         | -2.72       |
|    explained_variance   | 0.711       |
|    learning_rate        | 0.0003      |
|    loss                 | 4           |
|    n_updates            | 3210        |
|    policy_gradient_loss | -0.0163     |
|    value_loss           | 9.95        |
-----------------------------------------
-----------------------------------------
| time/                   |             |
|    fps                  | 65          |
|    iterations           | 323         |
|    time_elapsed         | 20133       |
|    total_timesteps      | 1323008     |
| train/                  |             |
|    approx_kl            | 0.028392771 |
|    clip_fraction        | 0.257       |
|    clip_range           | 0.2         |
|    entropy_loss         | -2.77       |
|    explained_variance   | 0.809       |
|    learning_rate        | 0.0003      |
|    loss                 | 1.58        |
|    n_updates            | 3220        |
|    policy_gradient_loss | -0.0165     |
|    value_loss           | 4.92        |
-----------------------------------------
-----------------------------------------
| time/                   |             |
|    fps                  | 65          |
|    iterations           | 324         |
|    time_elapsed         | 20198       |
|    total_timesteps      | 1327104     |
| train/                  |             |
|    approx_kl            | 0.019870624 |
|    clip_fraction        | 0.257       |
|    clip_range           | 0.2         |
|    entropy_loss         | -2.85       |
|    explained_variance   | 0.622       |
|    learning_rate        | 0.0003      |
|    loss                 | 3.17        |
|    n_updates            | 3230        |
|    policy_gradient_loss | -0.0165     |
|    value_loss           | 10.5        |
-----------------------------------------
-----------------------------------------
| time/                   |             |
|    fps                  | 65          |
|    iterations           | 325         |
|    time_elapsed         | 20268       |
|    total_timesteps      | 1331200     |
| train/                  |             |
|    approx_kl            | 0.021692146 |
|    clip_fraction        | 0.276       |
|    clip_range           | 0.2         |
|    entropy_loss         | -2.89       |
|    explained_variance   | 0.681       |
|    learning_rate        | 0.0003      |
|    loss                 | 5.38        |
|    n_updates            | 3240        |
|    policy_gradient_loss | -0.0185     |
|    value_loss           | 8.91        |
-----------------------------------------
----------------------------------------
| time/                   |            |
|    fps                  | 65         |
|    iterations           | 326        |
|    time_elapsed         | 20332      |
|    total_timesteps      | 1335296    |
| train/                  |            |
|    approx_kl            | 0.02088611 |
|    clip_fraction        | 0.29       |
|    clip_range           | 0.2        |
|    entropy_loss         | -2.88      |
|    explained_variance   | 0.74       |
|    learning_rate        | 0.0003     |
|    loss                 | 0.994      |
|    n_updates            | 3250       |
|    policy_gradient_loss | -0.019     |
|    value_loss           | 7.41       |
----------------------------------------
-----------------------------------------
| time/                   |             |
|    fps                  | 65          |
|    iterations           | 327         |
|    time_elapsed         | 20400       |
|    total_timesteps      | 1339392     |
| train/                  |             |
|    approx_kl            | 0.025844589 |
|    clip_fraction        | 0.296       |
|    clip_range           | 0.2         |
|    entropy_loss         | -2.86       |
|    explained_variance   | 0.798       |
|    learning_rate        | 0.0003      |
|    loss                 | 2.24        |
|    n_updates            | 3260        |
|    policy_gradient_loss | -0.0203     |
|    value_loss           | 6.84        |
-----------------------------------------
-----------------------------------------
| time/                   |             |
|    fps                  | 65          |
|    iterations           | 328         |
|    time_elapsed         | 20462       |
|    total_timesteps      | 1343488     |
| train/                  |             |
|    approx_kl            | 0.019044995 |
|    clip_fraction        | 0.215       |
|    clip_range           | 0.2         |
|    entropy_loss         | -2.81       |
|    explained_variance   | 0.814       |
|    learning_rate        | 0.0003      |
|    loss                 | 2.67        |
|    n_updates            | 3270        |
|    policy_gradient_loss | -0.0148     |
|    value_loss           | 9.68        |
-----------------------------------------
----------------------------------------
| time/                   |            |
|    fps                  | 65         |
|    iterations           | 329        |
|    time_elapsed         | 20525      |
|    total_timesteps      | 1347584    |
| train/                  |            |
|    approx_kl            | 0.03699051 |
|    clip_fraction        | 0.327      |
|    clip_range           | 0.2        |
|    entropy_loss         | -2.92      |
|    explained_variance   | 0.804      |
|    learning_rate        | 0.0003     |
|    loss                 | 6.78       |
|    n_updates            | 3280       |
|    policy_gradient_loss | -0.0171    |
|    value_loss           | 4.75       |
----------------------------------------
---------------------------------------
| time/                   |           |
|    fps                  | 65        |
|    iterations           | 330       |
|    time_elapsed         | 20588     |
|    total_timesteps      | 1351680   |
| train/                  |           |
|    approx_kl            | 0.0224126 |
|    clip_fraction        | 0.276     |
|    clip_range           | 0.2       |
|    entropy_loss         | -3.01     |
|    explained_variance   | 0.785     |
|    learning_rate        | 0.0003    |
|    loss                 | 1.64      |
|    n_updates            | 3290      |
|    policy_gradient_loss | -0.02     |
|    value_loss           | 6.28      |
---------------------------------------
-----------------------------------------
| time/                   |             |
|    fps                  | 65          |
|    iterations           | 331         |
|    time_elapsed         | 20650       |
|    total_timesteps      | 1355776     |
| train/                  |             |
|    approx_kl            | 0.031019384 |
|    clip_fraction        | 0.266       |
|    clip_range           | 0.2         |
|    entropy_loss         | -2.93       |
|    explained_variance   | 0.705       |
|    learning_rate        | 0.0003      |
|    loss                 | 1.62        |
|    n_updates            | 3300        |
|    policy_gradient_loss | -0.0186     |
|    value_loss           | 6.91        |
-----------------------------------------
-----------------------------------------
| time/                   |             |
|    fps                  | 65          |
|    iterations           | 332         |
|    time_elapsed         | 20716       |
|    total_timesteps      | 1359872     |
| train/                  |             |
|    approx_kl            | 0.018673642 |
|    clip_fraction        | 0.251       |
|    clip_range           | 0.2         |
|    entropy_loss         | -2.91       |
|    explained_variance   | 0.744       |
|    learning_rate        | 0.0003      |
|    loss                 | 4.17        |
|    n_updates            | 3310        |
|    policy_gradient_loss | -0.0163     |
|    value_loss           | 9.72        |
-----------------------------------------
-----------------------------------------
| time/                   |             |
|    fps                  | 65          |
|    iterations           | 333         |
|    time_elapsed         | 20781       |
|    total_timesteps      | 1363968     |
| train/                  |             |
|    approx_kl            | 0.023819912 |
|    clip_fraction        | 0.303       |
|    clip_range           | 0.2         |
|    entropy_loss         | -2.9        |
|    explained_variance   | 0.686       |
|    learning_rate        | 0.0003      |
|    loss                 | 3.15        |
|    n_updates            | 3320        |
|    policy_gradient_loss | -0.0153     |
|    value_loss           | 9.05        |
-----------------------------------------
----------------------------------------
| time/                   |            |
|    fps                  | 65         |
|    iterations           | 334        |
|    time_elapsed         | 20845      |
|    total_timesteps      | 1368064    |
| train/                  |            |
|    approx_kl            | 0.02536075 |
|    clip_fraction        | 0.304      |
|    clip_range           | 0.2        |
|    entropy_loss         | -2.87      |
|    explained_variance   | 0.725      |
|    learning_rate        | 0.0003     |
|    loss                 | 0.768      |
|    n_updates            | 3330       |
|    policy_gradient_loss | -0.0163    |
|    value_loss           | 5.76       |
----------------------------------------
-----------------------------------------
| time/                   |             |
|    fps                  | 65          |
|    iterations           | 335         |
|    time_elapsed         | 20914       |
|    total_timesteps      | 1372160     |
| train/                  |             |
|    approx_kl            | 0.020890318 |
|    clip_fraction        | 0.256       |
|    clip_range           | 0.2         |
|    entropy_loss         | -2.86       |
|    explained_variance   | 0.812       |
|    learning_rate        | 0.0003      |
|    loss                 | 1.38        |
|    n_updates            | 3340        |
|    policy_gradient_loss | -0.0195     |
|    value_loss           | 6.25        |
-----------------------------------------
-----------------------------------------
| time/                   |             |
|    fps                  | 65          |
|    iterations           | 336         |
|    time_elapsed         | 20977       |
|    total_timesteps      | 1376256     |
| train/                  |             |
|    approx_kl            | 0.016772494 |
|    clip_fraction        | 0.22        |
|    clip_range           | 0.2         |
|    entropy_loss         | -2.77       |
|    explained_variance   | 0.776       |
|    learning_rate        | 0.0003      |
|    loss                 | 3.16        |
|    n_updates            | 3350        |
|    policy_gradient_loss | -0.016      |
|    value_loss           | 7.77        |
-----------------------------------------
---------------------------------------
| time/                   |           |
|    fps                  | 65        |
|    iterations           | 337       |
|    time_elapsed         | 21050     |
|    total_timesteps      | 1380352   |
| train/                  |           |
|    approx_kl            | 0.0291934 |
|    clip_fraction        | 0.284     |
|    clip_range           | 0.2       |
|    entropy_loss         | -2.95     |
|    explained_variance   | 0.762     |
|    learning_rate        | 0.0003    |
|    loss                 | 1.05      |
|    n_updates            | 3360      |
|    policy_gradient_loss | -0.0226   |
|    value_loss           | 4.17      |
---------------------------------------
-----------------------------------------
| time/                   |             |
|    fps                  | 65          |
|    iterations           | 338         |
|    time_elapsed         | 21114       |
|    total_timesteps      | 1384448     |
| train/                  |             |
|    approx_kl            | 0.029327117 |
|    clip_fraction        | 0.3         |
|    clip_range           | 0.2         |
|    entropy_loss         | -2.93       |
|    explained_variance   | 0.746       |
|    learning_rate        | 0.0003      |
|    loss                 | 1.06        |
|    n_updates            | 3370        |
|    policy_gradient_loss | -0.0133     |
|    value_loss           | 8.84        |
-----------------------------------------
-----------------------------------------
| time/                   |             |
|    fps                  | 65          |
|    iterations           | 339         |
|    time_elapsed         | 21177       |
|    total_timesteps      | 1388544     |
| train/                  |             |
|    approx_kl            | 0.029133836 |
|    clip_fraction        | 0.303       |
|    clip_range           | 0.2         |
|    entropy_loss         | -2.88       |
|    explained_variance   | 0.808       |
|    learning_rate        | 0.0003      |
|    loss                 | 2.62        |
|    n_updates            | 3380        |
|    policy_gradient_loss | -0.0147     |
|    value_loss           | 7.39        |
-----------------------------------------
-----------------------------------------
| time/                   |             |
|    fps                  | 65          |
|    iterations           | 340         |
|    time_elapsed         | 21240       |
|    total_timesteps      | 1392640     |
| train/                  |             |
|    approx_kl            | 0.024289452 |
|    clip_fraction        | 0.283       |
|    clip_range           | 0.2         |
|    entropy_loss         | -2.94       |
|    explained_variance   | 0.736       |
|    learning_rate        | 0.0003      |
|    loss                 | 1.66        |
|    n_updates            | 3390        |
|    policy_gradient_loss | -0.0165     |
|    value_loss           | 4.34        |
-----------------------------------------
-----------------------------------------
| time/                   |             |
|    fps                  | 65          |
|    iterations           | 341         |
|    time_elapsed         | 21305       |
|    total_timesteps      | 1396736     |
| train/                  |             |
|    approx_kl            | 0.024176251 |
|    clip_fraction        | 0.309       |
|    clip_range           | 0.2         |
|    entropy_loss         | -2.85       |
|    explained_variance   | 0.835       |
|    learning_rate        | 0.0003      |
|    loss                 | 1.03        |
|    n_updates            | 3400        |
|    policy_gradient_loss | -0.0157     |
|    value_loss           | 7.28        |
-----------------------------------------
-----------------------------------------
| time/                   |             |
|    fps                  | 65          |
|    iterations           | 342         |
|    time_elapsed         | 21369       |
|    total_timesteps      | 1400832     |
| train/                  |             |
|    approx_kl            | 0.021988135 |
|    clip_fraction        | 0.277       |
|    clip_range           | 0.2         |
|    entropy_loss         | -2.84       |
|    explained_variance   | 0.734       |
|    learning_rate        | 0.0003      |
|    loss                 | 0.66        |
|    n_updates            | 3410        |
|    policy_gradient_loss | -0.00689    |
|    value_loss           | 6.06        |
-----------------------------------------
-----------------------------------------
| time/                   |             |
|    fps                  | 65          |
|    iterations           | 343         |
|    time_elapsed         | 21433       |
|    total_timesteps      | 1404928     |
| train/                  |             |
|    approx_kl            | 0.020290578 |
|    clip_fraction        | 0.322       |
|    clip_range           | 0.2         |
|    entropy_loss         | -2.81       |
|    explained_variance   | 0.686       |
|    learning_rate        | 0.0003      |
|    loss                 | 1.42        |
|    n_updates            | 3420        |
|    policy_gradient_loss | -0.0182     |
|    value_loss           | 5.93        |
-----------------------------------------
-----------------------------------------
| time/                   |             |
|    fps                  | 65          |
|    iterations           | 344         |
|    time_elapsed         | 21496       |
|    total_timesteps      | 1409024     |
| train/                  |             |
|    approx_kl            | 0.019379457 |
|    clip_fraction        | 0.279       |
|    clip_range           | 0.2         |
|    entropy_loss         | -2.81       |
|    explained_variance   | 0.786       |
|    learning_rate        | 0.0003      |
|    loss                 | 10          |
|    n_updates            | 3430        |
|    policy_gradient_loss | -0.0136     |
|    value_loss           | 7.46        |
-----------------------------------------
-----------------------------------------
| time/                   |             |
|    fps                  | 65          |
|    iterations           | 345         |
|    time_elapsed         | 21559       |
|    total_timesteps      | 1413120     |
| train/                  |             |
|    approx_kl            | 0.020890616 |
|    clip_fraction        | 0.226       |
|    clip_range           | 0.2         |
|    entropy_loss         | -2.71       |
|    explained_variance   | 0.581       |
|    learning_rate        | 0.0003      |
|    loss                 | 2.86        |
|    n_updates            | 3440        |
|    policy_gradient_loss | -0.0198     |
|    value_loss           | 7.37        |
-----------------------------------------
---------------------------------------
| time/                   |           |
|    fps                  | 65        |
|    iterations           | 346       |
|    time_elapsed         | 21620     |
|    total_timesteps      | 1417216   |
| train/                  |           |
|    approx_kl            | 0.0270457 |
|    clip_fraction        | 0.329     |
|    clip_range           | 0.2       |
|    entropy_loss         | -2.91     |
|    explained_variance   | 0.532     |
|    learning_rate        | 0.0003    |
|    loss                 | 2.15      |
|    n_updates            | 3450      |
|    policy_gradient_loss | -0.0205   |
|    value_loss           | 7.21      |
---------------------------------------
-----------------------------------------
| time/                   |             |
|    fps                  | 65          |
|    iterations           | 347         |
|    time_elapsed         | 21685       |
|    total_timesteps      | 1421312     |
| train/                  |             |
|    approx_kl            | 0.023184627 |
|    clip_fraction        | 0.307       |
|    clip_range           | 0.2         |
|    entropy_loss         | -2.88       |
|    explained_variance   | 0.809       |
|    learning_rate        | 0.0003      |
|    loss                 | 2.05        |
|    n_updates            | 3460        |
|    policy_gradient_loss | -0.0156     |
|    value_loss           | 3.05        |
-----------------------------------------
----------------------------------------
| time/                   |            |
|    fps                  | 65         |
|    iterations           | 348        |
|    time_elapsed         | 21747      |
|    total_timesteps      | 1425408    |
| train/                  |            |
|    approx_kl            | 0.02445591 |
|    clip_fraction        | 0.331      |
|    clip_range           | 0.2        |
|    entropy_loss         | -2.84      |
|    explained_variance   | 0.661      |
|    learning_rate        | 0.0003     |
|    loss                 | 1.33       |
|    n_updates            | 3470       |
|    policy_gradient_loss | -0.0182    |
|    value_loss           | 5.47       |
----------------------------------------
-----------------------------------------
| time/                   |             |
|    fps                  | 65          |
|    iterations           | 349         |
|    time_elapsed         | 21811       |
|    total_timesteps      | 1429504     |
| train/                  |             |
|    approx_kl            | 0.045809776 |
|    clip_fraction        | 0.345       |
|    clip_range           | 0.2         |
|    entropy_loss         | -2.89       |
|    explained_variance   | 0.766       |
|    learning_rate        | 0.0003      |
|    loss                 | 0.907       |
|    n_updates            | 3480        |
|    policy_gradient_loss | -0.00894    |
|    value_loss           | 4.13        |
-----------------------------------------
-----------------------------------------
| time/                   |             |
|    fps                  | 65          |
|    iterations           | 350         |
|    time_elapsed         | 21876       |
|    total_timesteps      | 1433600     |
| train/                  |             |
|    approx_kl            | 0.024209917 |
|    clip_fraction        | 0.319       |
|    clip_range           | 0.2         |
|    entropy_loss         | -2.84       |
|    explained_variance   | 0.431       |
|    learning_rate        | 0.0003      |
|    loss                 | 3.69        |
|    n_updates            | 3490        |
|    policy_gradient_loss | -0.0186     |
|    value_loss           | 7.77        |
-----------------------------------------
-----------------------------------------
| time/                   |             |
|    fps                  | 65          |
|    iterations           | 351         |
|    time_elapsed         | 21939       |
|    total_timesteps      | 1437696     |
| train/                  |             |
|    approx_kl            | 0.026813738 |
|    clip_fraction        | 0.31        |
|    clip_range           | 0.2         |
|    entropy_loss         | -2.88       |
|    explained_variance   | 0.442       |
|    learning_rate        | 0.0003      |
|    loss                 | 0.787       |
|    n_updates            | 3500        |
|    policy_gradient_loss | -0.0142     |
|    value_loss           | 4.9         |
-----------------------------------------
-----------------------------------------
| time/                   |             |
|    fps                  | 65          |
|    iterations           | 352         |
|    time_elapsed         | 22007       |
|    total_timesteps      | 1441792     |
| train/                  |             |
|    approx_kl            | 0.030130375 |
|    clip_fraction        | 0.362       |
|    clip_range           | 0.2         |
|    entropy_loss         | -2.87       |
|    explained_variance   | 0.637       |
|    learning_rate        | 0.0003      |
|    loss                 | 0.548       |
|    n_updates            | 3510        |
|    policy_gradient_loss | -0.0107     |
|    value_loss           | 1.57        |
-----------------------------------------
-----------------------------------------
| time/                   |             |
|    fps                  | 65          |
|    iterations           | 353         |
|    time_elapsed         | 22074       |
|    total_timesteps      | 1445888     |
| train/                  |             |
|    approx_kl            | 0.016954485 |
|    clip_fraction        | 0.236       |
|    clip_range           | 0.2         |
|    entropy_loss         | -2.84       |
|    explained_variance   | 0.497       |
|    learning_rate        | 0.0003      |
|    loss                 | 6.26        |
|    n_updates            | 3520        |
|    policy_gradient_loss | -0.0171     |
|    value_loss           | 7.12        |
-----------------------------------------
-----------------------------------------
| time/                   |             |
|    fps                  | 65          |
|    iterations           | 354         |
|    time_elapsed         | 22140       |
|    total_timesteps      | 1449984     |
| train/                  |             |
|    approx_kl            | 0.017044334 |
|    clip_fraction        | 0.225       |
|    clip_range           | 0.2         |
|    entropy_loss         | -2.86       |
|    explained_variance   | 0.545       |
|    learning_rate        | 0.0003      |
|    loss                 | 3.31        |
|    n_updates            | 3530        |
|    policy_gradient_loss | -0.0159     |
|    value_loss           | 6.11        |
-----------------------------------------
-----------------------------------------
| time/                   |             |
|    fps                  | 65          |
|    iterations           | 355         |
|    time_elapsed         | 22200       |
|    total_timesteps      | 1454080     |
| train/                  |             |
|    approx_kl            | 0.029426213 |
|    clip_fraction        | 0.299       |
|    clip_range           | 0.2         |
|    entropy_loss         | -2.88       |
|    explained_variance   | 0.662       |
|    learning_rate        | 0.0003      |
|    loss                 | 1.57        |
|    n_updates            | 3540        |
|    policy_gradient_loss | -0.0137     |
|    value_loss           | 4.22        |
-----------------------------------------
-----------------------------------------
| time/                   |             |
|    fps                  | 65          |
|    iterations           | 356         |
|    time_elapsed         | 22263       |
|    total_timesteps      | 1458176     |
| train/                  |             |
|    approx_kl            | 0.056459438 |
|    clip_fraction        | 0.356       |
|    clip_range           | 0.2         |
|    entropy_loss         | -2.93       |
|    explained_variance   | 0.656       |
|    learning_rate        | 0.0003      |
|    loss                 | 0.25        |
|    n_updates            | 3550        |
|    policy_gradient_loss | -0.0135     |
|    value_loss           | 0.817       |
-----------------------------------------
-----------------------------------------
| time/                   |             |
|    fps                  | 65          |
|    iterations           | 357         |
|    time_elapsed         | 22337       |
|    total_timesteps      | 1462272     |
| train/                  |             |
|    approx_kl            | 0.018176153 |
|    clip_fraction        | 0.223       |
|    clip_range           | 0.2         |
|    entropy_loss         | -2.89       |
|    explained_variance   | 0.418       |
|    learning_rate        | 0.0003      |
|    loss                 | 0.521       |
|    n_updates            | 3560        |
|    policy_gradient_loss | -0.00689    |
|    value_loss           | 3.82        |
-----------------------------------------
-----------------------------------------
| time/                   |             |
|    fps                  | 65          |
|    iterations           | 358         |
|    time_elapsed         | 22394       |
|    total_timesteps      | 1466368     |
| train/                  |             |
|    approx_kl            | 0.042881735 |
|    clip_fraction        | 0.359       |
|    clip_range           | 0.2         |
|    entropy_loss         | -2.87       |
|    explained_variance   | 0.734       |
|    learning_rate        | 0.0003      |
|    loss                 | 0.304       |
|    n_updates            | 3570        |
|    policy_gradient_loss | -0.0199     |
|    value_loss           | 2.46        |
-----------------------------------------
-----------------------------------------
| time/                   |             |
|    fps                  | 65          |
|    iterations           | 359         |
|    time_elapsed         | 22453       |
|    total_timesteps      | 1470464     |
| train/                  |             |
|    approx_kl            | 0.026171248 |
|    clip_fraction        | 0.331       |
|    clip_range           | 0.2         |
|    entropy_loss         | -2.8        |
|    explained_variance   | 0.756       |
|    learning_rate        | 0.0003      |
|    loss                 | 0.344       |
|    n_updates            | 3580        |
|    policy_gradient_loss | -0.014      |
|    value_loss           | 2.2         |
-----------------------------------------
-----------------------------------------
| time/                   |             |
|    fps                  | 65          |
|    iterations           | 360         |
|    time_elapsed         | 22519       |
|    total_timesteps      | 1474560     |
| train/                  |             |
|    approx_kl            | 0.023550453 |
|    clip_fraction        | 0.276       |
|    clip_range           | 0.2         |
|    entropy_loss         | -2.79       |
|    explained_variance   | 0.792       |
|    learning_rate        | 0.0003      |
|    loss                 | 0.317       |
|    n_updates            | 3590        |
|    policy_gradient_loss | -0.0115     |
|    value_loss           | 1.74        |
-----------------------------------------
-----------------------------------------
| time/                   |             |
|    fps                  | 65          |
|    iterations           | 361         |
|    time_elapsed         | 22579       |
|    total_timesteps      | 1478656     |
| train/                  |             |
|    approx_kl            | 0.019370187 |
|    clip_fraction        | 0.224       |
|    clip_range           | 0.2         |
|    entropy_loss         | -2.73       |
|    explained_variance   | 0.512       |
|    learning_rate        | 0.0003      |
|    loss                 | 3.14        |
|    n_updates            | 3600        |
|    policy_gradient_loss | -0.00915    |
|    value_loss           | 5.06        |
-----------------------------------------
-----------------------------------------
| time/                   |             |
|    fps                  | 65          |
|    iterations           | 362         |
|    time_elapsed         | 22646       |
|    total_timesteps      | 1482752     |
| train/                  |             |
|    approx_kl            | 0.019297067 |
|    clip_fraction        | 0.242       |
|    clip_range           | 0.2         |
|    entropy_loss         | -2.77       |
|    explained_variance   | 0.608       |
|    learning_rate        | 0.0003      |
|    loss                 | 1.07        |
|    n_updates            | 3610        |
|    policy_gradient_loss | -0.0117     |
|    value_loss           | 3.18        |
-----------------------------------------
-----------------------------------------
| time/                   |             |
|    fps                  | 65          |
|    iterations           | 363         |
|    time_elapsed         | 22708       |
|    total_timesteps      | 1486848     |
| train/                  |             |
|    approx_kl            | 0.019154107 |
|    clip_fraction        | 0.195       |
|    clip_range           | 0.2         |
|    entropy_loss         | -2.73       |
|    explained_variance   | 0.636       |
|    learning_rate        | 0.0003      |
|    loss                 | 2.18        |
|    n_updates            | 3620        |
|    policy_gradient_loss | -0.0158     |
|    value_loss           | 7.37        |
-----------------------------------------
-----------------------------------------
| time/                   |             |
|    fps                  | 65          |
|    iterations           | 364         |
|    time_elapsed         | 22770       |
|    total_timesteps      | 1490944     |
| train/                  |             |
|    approx_kl            | 0.022382285 |
|    clip_fraction        | 0.244       |
|    clip_range           | 0.2         |
|    entropy_loss         | -2.69       |
|    explained_variance   | 0.777       |
|    learning_rate        | 0.0003      |
|    loss                 | 1.38        |
|    n_updates            | 3630        |
|    policy_gradient_loss | -0.00958    |
|    value_loss           | 4.61        |
-----------------------------------------
-----------------------------------------
| time/                   |             |
|    fps                  | 65          |
|    iterations           | 365         |
|    time_elapsed         | 22855       |
|    total_timesteps      | 1495040     |
| train/                  |             |
|    approx_kl            | 0.044078685 |
|    clip_fraction        | 0.275       |
|    clip_range           | 0.2         |
|    entropy_loss         | -2.82       |
|    explained_variance   | 0.448       |
|    learning_rate        | 0.0003      |
|    loss                 | 0.902       |
|    n_updates            | 3640        |
|    policy_gradient_loss | -0.00919    |
|    value_loss           | 2.79        |
-----------------------------------------
-----------------------------------------
| time/                   |             |
|    fps                  | 65          |
|    iterations           | 366         |
|    time_elapsed         | 22934       |
|    total_timesteps      | 1499136     |
| train/                  |             |
|    approx_kl            | 0.028655933 |
|    clip_fraction        | 0.207       |
|    clip_range           | 0.2         |
|    entropy_loss         | -2.8        |
|    explained_variance   | 0.416       |
|    learning_rate        | 0.0003      |
|    loss                 | 0.538       |
|    n_updates            | 3650        |
|    policy_gradient_loss | -0.0162     |
|    value_loss           | 7.32        |
-----------------------------------------
----------------------------------------
| time/                   |            |
|    fps                  | 65         |
|    iterations           | 367        |
|    time_elapsed         | 22999      |
|    total_timesteps      | 1503232    |
| train/                  |            |
|    approx_kl            | 0.02434301 |
|    clip_fraction        | 0.239      |
|    clip_range           | 0.2        |
|    entropy_loss         | -2.76      |
|    explained_variance   | 0.402      |
|    learning_rate        | 0.0003     |
|    loss                 | 1.64       |
|    n_updates            | 3660       |
|    policy_gradient_loss | -0.00876   |
|    value_loss           | 10         |
----------------------------------------
-----------------------------------------
| time/                   |             |
|    fps                  | 65          |
|    iterations           | 368         |
|    time_elapsed         | 23065       |
|    total_timesteps      | 1507328     |
| train/                  |             |
|    approx_kl            | 0.021636361 |
|    clip_fraction        | 0.284       |
|    clip_range           | 0.2         |
|    entropy_loss         | -2.78       |
|    explained_variance   | 0.616       |
|    learning_rate        | 0.0003      |
|    loss                 | 1.23        |
|    n_updates            | 3670        |
|    policy_gradient_loss | -0.0143     |
|    value_loss           | 8.13        |
-----------------------------------------
-----------------------------------------
| time/                   |             |
|    fps                  | 65          |
|    iterations           | 369         |
|    time_elapsed         | 23132       |
|    total_timesteps      | 1511424     |
| train/                  |             |
|    approx_kl            | 0.023389399 |
|    clip_fraction        | 0.291       |
|    clip_range           | 0.2         |
|    entropy_loss         | -2.91       |
|    explained_variance   | 0.453       |
|    learning_rate        | 0.0003      |
|    loss                 | 1.21        |
|    n_updates            | 3680        |
|    policy_gradient_loss | -0.0132     |
|    value_loss           | 5.22        |
-----------------------------------------
-----------------------------------------
| time/                   |             |
|    fps                  | 65          |
|    iterations           | 370         |
|    time_elapsed         | 23196       |
|    total_timesteps      | 1515520     |
| train/                  |             |
|    approx_kl            | 0.017371409 |
|    clip_fraction        | 0.203       |
|    clip_range           | 0.2         |
|    entropy_loss         | -2.83       |
|    explained_variance   | 0.594       |
|    learning_rate        | 0.0003      |
|    loss                 | 1.89        |
|    n_updates            | 3690        |
|    policy_gradient_loss | -0.0128     |
|    value_loss           | 10.6        |
-----------------------------------------
-----------------------------------------
| time/                   |             |
|    fps                  | 65          |
|    iterations           | 371         |
|    time_elapsed         | 23257       |
|    total_timesteps      | 1519616     |
| train/                  |             |
|    approx_kl            | 0.028029108 |
|    clip_fraction        | 0.39        |
|    clip_range           | 0.2         |
|    entropy_loss         | -2.92       |
|    explained_variance   | 0.379       |
|    learning_rate        | 0.0003      |
|    loss                 | 0.956       |
|    n_updates            | 3700        |
|    policy_gradient_loss | -0.00727    |
|    value_loss           | 2           |
-----------------------------------------
-----------------------------------------
| time/                   |             |
|    fps                  | 65          |
|    iterations           | 372         |
|    time_elapsed         | 23322       |
|    total_timesteps      | 1523712     |
| train/                  |             |
|    approx_kl            | 0.018525578 |
|    clip_fraction        | 0.245       |
|    clip_range           | 0.2         |
|    entropy_loss         | -2.88       |
|    explained_variance   | 0.305       |
|    learning_rate        | 0.0003      |
|    loss                 | 2.11        |
|    n_updates            | 3710        |
|    policy_gradient_loss | -0.0109     |
|    value_loss           | 7.6         |
-----------------------------------------
-----------------------------------------
| time/                   |             |
|    fps                  | 65          |
|    iterations           | 373         |
|    time_elapsed         | 23383       |
|    total_timesteps      | 1527808     |
| train/                  |             |
|    approx_kl            | 0.034335736 |
|    clip_fraction        | 0.323       |
|    clip_range           | 0.2         |
|    entropy_loss         | -2.96       |
|    explained_variance   | 0.606       |
|    learning_rate        | 0.0003      |
|    loss                 | 0.346       |
|    n_updates            | 3720        |
|    policy_gradient_loss | -0.0151     |
|    value_loss           | 3.18        |
-----------------------------------------
-----------------------------------------
| time/                   |             |
|    fps                  | 65          |
|    iterations           | 374         |
|    time_elapsed         | 23448       |
|    total_timesteps      | 1531904     |
| train/                  |             |
|    approx_kl            | 0.018341055 |
|    clip_fraction        | 0.244       |
|    clip_range           | 0.2         |
|    entropy_loss         | -2.81       |
|    explained_variance   | 0.3         |
|    learning_rate        | 0.0003      |
|    loss                 | 1.56        |
|    n_updates            | 3730        |
|    policy_gradient_loss | -0.0134     |
|    value_loss           | 8.01        |
-----------------------------------------
-----------------------------------------
| time/                   |             |
|    fps                  | 65          |
|    iterations           | 375         |
|    time_elapsed         | 23510       |
|    total_timesteps      | 1536000     |
| train/                  |             |
|    approx_kl            | 0.022846442 |
|    clip_fraction        | 0.286       |
|    clip_range           | 0.2         |
|    entropy_loss         | -2.89       |
|    explained_variance   | 0.577       |
|    learning_rate        | 0.0003      |
|    loss                 | 4.83        |
|    n_updates            | 3740        |
|    policy_gradient_loss | -0.0199     |
|    value_loss           | 5.14        |
-----------------------------------------
-----------------------------------------
| time/                   |             |
|    fps                  | 65          |
|    iterations           | 376         |
|    time_elapsed         | 23576       |
|    total_timesteps      | 1540096     |
| train/                  |             |
|    approx_kl            | 0.020438809 |
|    clip_fraction        | 0.267       |
|    clip_range           | 0.2         |
|    entropy_loss         | -2.93       |
|    explained_variance   | 0.7         |
|    learning_rate        | 0.0003      |
|    loss                 | 1.13        |
|    n_updates            | 3750        |
|    policy_gradient_loss | -0.0126     |
|    value_loss           | 6.87        |
-----------------------------------------
---------------------------------------
| time/                   |           |
|    fps                  | 65        |
|    iterations           | 377       |
|    time_elapsed         | 23642     |
|    total_timesteps      | 1544192   |
| train/                  |           |
|    approx_kl            | 0.0193732 |
|    clip_fraction        | 0.199     |
|    clip_range           | 0.2       |
|    entropy_loss         | -2.79     |
|    explained_variance   | -0.206    |
|    learning_rate        | 0.0003    |
|    loss                 | 5.77      |
|    n_updates            | 3760      |
|    policy_gradient_loss | -0.00989  |
|    value_loss           | 16.4      |
---------------------------------------
----------------------------------------
| time/                   |            |
|    fps                  | 65         |
|    iterations           | 378        |
|    time_elapsed         | 23704      |
|    total_timesteps      | 1548288    |
| train/                  |            |
|    approx_kl            | 0.03757406 |
|    clip_fraction        | 0.362      |
|    clip_range           | 0.2        |
|    entropy_loss         | -2.93      |
|    explained_variance   | 0.483      |
|    learning_rate        | 0.0003     |
|    loss                 | 0.951      |
|    n_updates            | 3770       |
|    policy_gradient_loss | -0.00893   |
|    value_loss           | 3.47       |
----------------------------------------
-----------------------------------------
| time/                   |             |
|    fps                  | 65          |
|    iterations           | 379         |
|    time_elapsed         | 23770       |
|    total_timesteps      | 1552384     |
| train/                  |             |
|    approx_kl            | 0.023699496 |
|    clip_fraction        | 0.225       |
|    clip_range           | 0.2         |
|    entropy_loss         | -2.83       |
|    explained_variance   | 0.391       |
|    learning_rate        | 0.0003      |
|    loss                 | 4.05        |
|    n_updates            | 3780        |
|    policy_gradient_loss | -0.0136     |
|    value_loss           | 8.31        |
-----------------------------------------
-----------------------------------------
| time/                   |             |
|    fps                  | 65          |
|    iterations           | 380         |
|    time_elapsed         | 23837       |
|    total_timesteps      | 1556480     |
| train/                  |             |
|    approx_kl            | 0.024578098 |
|    clip_fraction        | 0.23        |
|    clip_range           | 0.2         |
|    entropy_loss         | -2.8        |
|    explained_variance   | 0.163       |
|    learning_rate        | 0.0003      |
|    loss                 | 10.1        |
|    n_updates            | 3790        |
|    policy_gradient_loss | -0.0122     |
|    value_loss           | 16.2        |
-----------------------------------------
-----------------------------------------
| time/                   |             |
|    fps                  | 65          |
|    iterations           | 381         |
|    time_elapsed         | 23902       |
|    total_timesteps      | 1560576     |
| train/                  |             |
|    approx_kl            | 0.022739762 |
|    clip_fraction        | 0.273       |
|    clip_range           | 0.2         |
|    entropy_loss         | -2.8        |
|    explained_variance   | 0.228       |
|    learning_rate        | 0.0003      |
|    loss                 | 4.56        |
|    n_updates            | 3800        |
|    policy_gradient_loss | -0.00919    |
|    value_loss           | 8.78        |
-----------------------------------------
-----------------------------------------
| time/                   |             |
|    fps                  | 65          |
|    iterations           | 382         |
|    time_elapsed         | 23969       |
|    total_timesteps      | 1564672     |
| train/                  |             |
|    approx_kl            | 0.027220834 |
|    clip_fraction        | 0.348       |
|    clip_range           | 0.2         |
|    entropy_loss         | -2.86       |
|    explained_variance   | 0.35        |
|    learning_rate        | 0.0003      |
|    loss                 | 4.23        |
|    n_updates            | 3810        |
|    policy_gradient_loss | -0.013      |
|    value_loss           | 7.01        |
-----------------------------------------
-----------------------------------------
| time/                   |             |
|    fps                  | 65          |
|    iterations           | 383         |
|    time_elapsed         | 24034       |
|    total_timesteps      | 1568768     |
| train/                  |             |
|    approx_kl            | 0.024997875 |
|    clip_fraction        | 0.28        |
|    clip_range           | 0.2         |
|    entropy_loss         | -2.78       |
|    explained_variance   | 0.0034      |
|    learning_rate        | 0.0003      |
|    loss                 | 3.14        |
|    n_updates            | 3820        |
|    policy_gradient_loss | -0.00853    |
|    value_loss           | 8.77        |
-----------------------------------------
----------------------------------------
| time/                   |            |
|    fps                  | 65         |
|    iterations           | 384        |
|    time_elapsed         | 24098      |
|    total_timesteps      | 1572864    |
| train/                  |            |
|    approx_kl            | 0.02025855 |
|    clip_fraction        | 0.197      |
|    clip_range           | 0.2        |
|    entropy_loss         | -2.86      |
|    explained_variance   | 0.395      |
|    learning_rate        | 0.0003     |
|    loss                 | 7.4        |
|    n_updates            | 3830       |
|    policy_gradient_loss | -0.0131    |
|    value_loss           | 12.3       |
----------------------------------------
-----------------------------------------
| time/                   |             |
|    fps                  | 65          |
|    iterations           | 385         |
|    time_elapsed         | 24160       |
|    total_timesteps      | 1576960     |
| train/                  |             |
|    approx_kl            | 0.025285294 |
|    clip_fraction        | 0.292       |
|    clip_range           | 0.2         |
|    entropy_loss         | -2.98       |
|    explained_variance   | 0.438       |
|    learning_rate        | 0.0003      |
|    loss                 | 5.93        |
|    n_updates            | 3840        |
|    policy_gradient_loss | -0.00728    |
|    value_loss           | 9.03        |
-----------------------------------------
-----------------------------------------
| time/                   |             |
|    fps                  | 65          |
|    iterations           | 386         |
|    time_elapsed         | 24225       |
|    total_timesteps      | 1581056     |
| train/                  |             |
|    approx_kl            | 0.028886337 |
|    clip_fraction        | 0.326       |
|    clip_range           | 0.2         |
|    entropy_loss         | -2.97       |
|    explained_variance   | 0.54        |
|    learning_rate        | 0.0003      |
|    loss                 | 6.42        |
|    n_updates            | 3850        |
|    policy_gradient_loss | -0.0105     |
|    value_loss           | 7.46        |
-----------------------------------------
-----------------------------------------
| time/                   |             |
|    fps                  | 65          |
|    iterations           | 387         |
|    time_elapsed         | 24286       |
|    total_timesteps      | 1585152     |
| train/                  |             |
|    approx_kl            | 0.030049704 |
|    clip_fraction        | 0.365       |
|    clip_range           | 0.2         |
|    entropy_loss         | -3          |
|    explained_variance   | 0.472       |
|    learning_rate        | 0.0003      |
|    loss                 | 0.582       |
|    n_updates            | 3860        |
|    policy_gradient_loss | -0.0123     |
|    value_loss           | 3.63        |
-----------------------------------------
-----------------------------------------
| time/                   |             |
|    fps                  | 65          |
|    iterations           | 388         |
|    time_elapsed         | 24347       |
|    total_timesteps      | 1589248     |
| train/                  |             |
|    approx_kl            | 0.026645558 |
|    clip_fraction        | 0.366       |
|    clip_range           | 0.2         |
|    entropy_loss         | -2.99       |
|    explained_variance   | 0.469       |
|    learning_rate        | 0.0003      |
|    loss                 | 1.73        |
|    n_updates            | 3870        |
|    policy_gradient_loss | -0.00545    |
|    value_loss           | 4.82        |
-----------------------------------------
-----------------------------------------
| time/                   |             |
|    fps                  | 65          |
|    iterations           | 389         |
|    time_elapsed         | 24413       |
|    total_timesteps      | 1593344     |
| train/                  |             |
|    approx_kl            | 0.033646233 |
|    clip_fraction        | 0.297       |
|    clip_range           | 0.2         |
|    entropy_loss         | -2.91       |
|    explained_variance   | 0.651       |
|    learning_rate        | 0.0003      |
|    loss                 | 0.29        |
|    n_updates            | 3880        |
|    policy_gradient_loss | -0.017      |
|    value_loss           | 2.01        |
-----------------------------------------
----------------------------------------
| time/                   |            |
|    fps                  | 65         |
|    iterations           | 390        |
|    time_elapsed         | 24478      |
|    total_timesteps      | 1597440    |
| train/                  |            |
|    approx_kl            | 0.02001425 |
|    clip_fraction        | 0.215      |
|    clip_range           | 0.2        |
|    entropy_loss         | -2.93      |
|    explained_variance   | 0.595      |
|    learning_rate        | 0.0003     |
|    loss                 | 1.51       |
|    n_updates            | 3890       |
|    policy_gradient_loss | -0.0117    |
|    value_loss           | 3.59       |
----------------------------------------
-----------------------------------------
| time/                   |             |
|    fps                  | 65          |
|    iterations           | 391         |
|    time_elapsed         | 24539       |
|    total_timesteps      | 1601536     |
| train/                  |             |
|    approx_kl            | 0.026069336 |
|    clip_fraction        | 0.227       |
|    clip_range           | 0.2         |
|    entropy_loss         | -2.88       |
|    explained_variance   | 0.554       |
|    learning_rate        | 0.0003      |
|    loss                 | 0.708       |
|    n_updates            | 3900        |
|    policy_gradient_loss | -0.0118     |
|    value_loss           | 6.05        |
-----------------------------------------
-----------------------------------------
| time/                   |             |
|    fps                  | 65          |
|    iterations           | 392         |
|    time_elapsed         | 24601       |
|    total_timesteps      | 1605632     |
| train/                  |             |
|    approx_kl            | 0.019299038 |
|    clip_fraction        | 0.227       |
|    clip_range           | 0.2         |
|    entropy_loss         | -2.84       |
|    explained_variance   | 0.77        |
|    learning_rate        | 0.0003      |
|    loss                 | 2.5         |
|    n_updates            | 3910        |
|    policy_gradient_loss | -0.00977    |
|    value_loss           | 6.9         |
-----------------------------------------
----------------------------------------
| time/                   |            |
|    fps                  | 65         |
|    iterations           | 393        |
|    time_elapsed         | 24667      |
|    total_timesteps      | 1609728    |
| train/                  |            |
|    approx_kl            | 0.02422753 |
|    clip_fraction        | 0.286      |
|    clip_range           | 0.2        |
|    entropy_loss         | -2.92      |
|    explained_variance   | 0.701      |
|    learning_rate        | 0.0003     |
|    loss                 | 0.609      |
|    n_updates            | 3920       |
|    policy_gradient_loss | -0.0176    |
|    value_loss           | 5.33       |
----------------------------------------
-----------------------------------------
| time/                   |             |
|    fps                  | 65          |
|    iterations           | 394         |
|    time_elapsed         | 24729       |
|    total_timesteps      | 1613824     |
| train/                  |             |
|    approx_kl            | 0.031118337 |
|    clip_fraction        | 0.265       |
|    clip_range           | 0.2         |
|    entropy_loss         | -2.81       |
|    explained_variance   | 0.685       |
|    learning_rate        | 0.0003      |
|    loss                 | 2.06        |
|    n_updates            | 3930        |
|    policy_gradient_loss | -0.0085     |
|    value_loss           | 5.56        |
-----------------------------------------
-----------------------------------------
| time/                   |             |
|    fps                  | 65          |
|    iterations           | 395         |
|    time_elapsed         | 24794       |
|    total_timesteps      | 1617920     |
| train/                  |             |
|    approx_kl            | 0.058517117 |
|    clip_fraction        | 0.39        |
|    clip_range           | 0.2         |
|    entropy_loss         | -2.88       |
|    explained_variance   | 0.886       |
|    learning_rate        | 0.0003      |
|    loss                 | 1.17        |
|    n_updates            | 3940        |
|    policy_gradient_loss | -0.0161     |
|    value_loss           | 1.9         |
-----------------------------------------
-----------------------------------------
| time/                   |             |
|    fps                  | 65          |
|    iterations           | 396         |
|    time_elapsed         | 24860       |
|    total_timesteps      | 1622016     |
| train/                  |             |
|    approx_kl            | 0.015935406 |
|    clip_fraction        | 0.189       |
|    clip_range           | 0.2         |
|    entropy_loss         | -2.7        |
|    explained_variance   | 0.551       |
|    learning_rate        | 0.0003      |
|    loss                 | 1.75        |
|    n_updates            | 3950        |
|    policy_gradient_loss | -0.0155     |
|    value_loss           | 9.4         |
-----------------------------------------
-----------------------------------------
| time/                   |             |
|    fps                  | 65          |
|    iterations           | 397         |
|    time_elapsed         | 24922       |
|    total_timesteps      | 1626112     |
| train/                  |             |
|    approx_kl            | 0.019639146 |
|    clip_fraction        | 0.24        |
|    clip_range           | 0.2         |
|    entropy_loss         | -2.73       |
|    explained_variance   | 0.768       |
|    learning_rate        | 0.0003      |
|    loss                 | 3.32        |
|    n_updates            | 3960        |
|    policy_gradient_loss | -0.0177     |
|    value_loss           | 6.43        |
-----------------------------------------
-----------------------------------------
| time/                   |             |
|    fps                  | 65          |
|    iterations           | 398         |
|    time_elapsed         | 24987       |
|    total_timesteps      | 1630208     |
| train/                  |             |
|    approx_kl            | 0.015119144 |
|    clip_fraction        | 0.162       |
|    clip_range           | 0.2         |
|    entropy_loss         | -2.67       |
|    explained_variance   | 0.715       |
|    learning_rate        | 0.0003      |
|    loss                 | 4.17        |
|    n_updates            | 3970        |
|    policy_gradient_loss | -0.0144     |
|    value_loss           | 11.1        |
-----------------------------------------
-----------------------------------------
| time/                   |             |
|    fps                  | 65          |
|    iterations           | 399         |
|    time_elapsed         | 25053       |
|    total_timesteps      | 1634304     |
| train/                  |             |
|    approx_kl            | 0.022876902 |
|    clip_fraction        | 0.218       |
|    clip_range           | 0.2         |
|    entropy_loss         | -2.71       |
|    explained_variance   | 0.708       |
|    learning_rate        | 0.0003      |
|    loss                 | 1.97        |
|    n_updates            | 3980        |
|    policy_gradient_loss | -0.0141     |
|    value_loss           | 10.6        |
-----------------------------------------
-----------------------------------------
| time/                   |             |
|    fps                  | 65          |
|    iterations           | 400         |
|    time_elapsed         | 25117       |
|    total_timesteps      | 1638400     |
| train/                  |             |
|    approx_kl            | 0.025158085 |
|    clip_fraction        | 0.261       |
|    clip_range           | 0.2         |
|    entropy_loss         | -2.63       |
|    explained_variance   | 0.742       |
|    learning_rate        | 0.0003      |
|    loss                 | 2.09        |
|    n_updates            | 3990        |
|    policy_gradient_loss | -0.019      |
|    value_loss           | 8.61        |
-----------------------------------------
-----------------------------------------
| time/                   |             |
|    fps                  | 65          |
|    iterations           | 401         |
|    time_elapsed         | 25182       |
|    total_timesteps      | 1642496     |
| train/                  |             |
|    approx_kl            | 0.027820706 |
|    clip_fraction        | 0.313       |
|    clip_range           | 0.2         |
|    entropy_loss         | -2.73       |
|    explained_variance   | 0.777       |
|    learning_rate        | 0.0003      |
|    loss                 | 1.54        |
|    n_updates            | 4000        |
|    policy_gradient_loss | -0.0163     |
|    value_loss           | 4.1         |
-----------------------------------------
----------------------------------------
| time/                   |            |
|    fps                  | 65         |
|    iterations           | 402        |
|    time_elapsed         | 25246      |
|    total_timesteps      | 1646592    |
| train/                  |            |
|    approx_kl            | 0.01692882 |
|    clip_fraction        | 0.202      |
|    clip_range           | 0.2        |
|    entropy_loss         | -2.54      |
|    explained_variance   | 0.805      |
|    learning_rate        | 0.0003     |
|    loss                 | 4.24       |
|    n_updates            | 4010       |
|    policy_gradient_loss | -0.0159    |
|    value_loss           | 11.1       |
----------------------------------------
-----------------------------------------
| time/                   |             |
|    fps                  | 65          |
|    iterations           | 403         |
|    time_elapsed         | 25315       |
|    total_timesteps      | 1650688     |
| train/                  |             |
|    approx_kl            | 0.023962665 |
|    clip_fraction        | 0.25        |
|    clip_range           | 0.2         |
|    entropy_loss         | -2.72       |
|    explained_variance   | 0.662       |
|    learning_rate        | 0.0003      |
|    loss                 | 4.8         |
|    n_updates            | 4020        |
|    policy_gradient_loss | -0.0154     |
|    value_loss           | 8.4         |
-----------------------------------------
----------------------------------------
| time/                   |            |
|    fps                  | 65         |
|    iterations           | 404        |
|    time_elapsed         | 25380      |
|    total_timesteps      | 1654784    |
| train/                  |            |
|    approx_kl            | 0.02612026 |
|    clip_fraction        | 0.283      |
|    clip_range           | 0.2        |
|    entropy_loss         | -2.64      |
|    explained_variance   | 0.656      |
|    learning_rate        | 0.0003     |
|    loss                 | 0.604      |
|    n_updates            | 4030       |
|    policy_gradient_loss | -0.0206    |
|    value_loss           | 5.7        |
----------------------------------------
-----------------------------------------
| time/                   |             |
|    fps                  | 65          |
|    iterations           | 405         |
|    time_elapsed         | 25444       |
|    total_timesteps      | 1658880     |
| train/                  |             |
|    approx_kl            | 0.018115293 |
|    clip_fraction        | 0.191       |
|    clip_range           | 0.2         |
|    entropy_loss         | -2.62       |
|    explained_variance   | 0.779       |
|    learning_rate        | 0.0003      |
|    loss                 | 6.25        |
|    n_updates            | 4040        |
|    policy_gradient_loss | -0.0145     |
|    value_loss           | 11.7        |
-----------------------------------------
-----------------------------------------
| time/                   |             |
|    fps                  | 65          |
|    iterations           | 406         |
|    time_elapsed         | 25506       |
|    total_timesteps      | 1662976     |
| train/                  |             |
|    approx_kl            | 0.022972457 |
|    clip_fraction        | 0.265       |
|    clip_range           | 0.2         |
|    entropy_loss         | -2.67       |
|    explained_variance   | 0.631       |
|    learning_rate        | 0.0003      |
|    loss                 | 2.12        |
|    n_updates            | 4050        |
|    policy_gradient_loss | -0.00932    |
|    value_loss           | 11.6        |
-----------------------------------------
----------------------------------------
| time/                   |            |
|    fps                  | 65         |
|    iterations           | 407        |
|    time_elapsed         | 25569      |
|    total_timesteps      | 1667072    |
| train/                  |            |
|    approx_kl            | 0.02392887 |
|    clip_fraction        | 0.25       |
|    clip_range           | 0.2        |
|    entropy_loss         | -2.66      |
|    explained_variance   | 0.61       |
|    learning_rate        | 0.0003     |
|    loss                 | 2.78       |
|    n_updates            | 4060       |
|    policy_gradient_loss | -0.0129    |
|    value_loss           | 11.1       |
----------------------------------------
----------------------------------------
| time/                   |            |
|    fps                  | 65         |
|    iterations           | 408        |
|    time_elapsed         | 25633      |
|    total_timesteps      | 1671168    |
| train/                  |            |
|    approx_kl            | 0.03952626 |
|    clip_fraction        | 0.321      |
|    clip_range           | 0.2        |
|    entropy_loss         | -2.68      |
|    explained_variance   | 0.697      |
|    learning_rate        | 0.0003     |
|    loss                 | 0.73       |
|    n_updates            | 4070       |
|    policy_gradient_loss | -0.0194    |
|    value_loss           | 5.04       |
----------------------------------------
----------------------------------------
| time/                   |            |
|    fps                  | 65         |
|    iterations           | 409        |
|    time_elapsed         | 25700      |
|    total_timesteps      | 1675264    |
| train/                  |            |
|    approx_kl            | 0.02902067 |
|    clip_fraction        | 0.271      |
|    clip_range           | 0.2        |
|    entropy_loss         | -2.65      |
|    explained_variance   | 0.692      |
|    learning_rate        | 0.0003     |
|    loss                 | 7.37       |
|    n_updates            | 4080       |
|    policy_gradient_loss | -0.0112    |
|    value_loss           | 11.7       |
----------------------------------------
-----------------------------------------
| time/                   |             |
|    fps                  | 65          |
|    iterations           | 410         |
|    time_elapsed         | 25764       |
|    total_timesteps      | 1679360     |
| train/                  |             |
|    approx_kl            | 0.028192744 |
|    clip_fraction        | 0.319       |
|    clip_range           | 0.2         |
|    entropy_loss         | -2.7        |
|    explained_variance   | 0.746       |
|    learning_rate        | 0.0003      |
|    loss                 | 1.48        |
|    n_updates            | 4090        |
|    policy_gradient_loss | -0.0165     |
|    value_loss           | 5.69        |
-----------------------------------------
-----------------------------------------
| time/                   |             |
|    fps                  | 65          |
|    iterations           | 411         |
|    time_elapsed         | 25823       |
|    total_timesteps      | 1683456     |
| train/                  |             |
|    approx_kl            | 0.028411424 |
|    clip_fraction        | 0.301       |
|    clip_range           | 0.2         |
|    entropy_loss         | -2.57       |
|    explained_variance   | 0.797       |
|    learning_rate        | 0.0003      |
|    loss                 | 2.85        |
|    n_updates            | 4100        |
|    policy_gradient_loss | -0.00804    |
|    value_loss           | 7.37        |
-----------------------------------------
-----------------------------------------
| time/                   |             |
|    fps                  | 65          |
|    iterations           | 412         |
|    time_elapsed         | 25890       |
|    total_timesteps      | 1687552     |
| train/                  |             |
|    approx_kl            | 0.037356883 |
|    clip_fraction        | 0.349       |
|    clip_range           | 0.2         |
|    entropy_loss         | -2.72       |
|    explained_variance   | 0.68        |
|    learning_rate        | 0.0003      |
|    loss                 | 1.03        |
|    n_updates            | 4110        |
|    policy_gradient_loss | -0.00821    |
|    value_loss           | 6.33        |
-----------------------------------------
----------------------------------------
| time/                   |            |
|    fps                  | 65         |
|    iterations           | 413        |
|    time_elapsed         | 25954      |
|    total_timesteps      | 1691648    |
| train/                  |            |
|    approx_kl            | 0.03322544 |
|    clip_fraction        | 0.282      |
|    clip_range           | 0.2        |
|    entropy_loss         | -2.61      |
|    explained_variance   | 0.68       |
|    learning_rate        | 0.0003     |
|    loss                 | 2.28       |
|    n_updates            | 4120       |
|    policy_gradient_loss | -0.0128    |
|    value_loss           | 7.29       |
----------------------------------------
----------------------------------------
| time/                   |            |
|    fps                  | 65         |
|    iterations           | 414        |
|    time_elapsed         | 26021      |
|    total_timesteps      | 1695744    |
| train/                  |            |
|    approx_kl            | 0.02371578 |
|    clip_fraction        | 0.287      |
|    clip_range           | 0.2        |
|    entropy_loss         | -2.63      |
|    explained_variance   | 0.711      |
|    learning_rate        | 0.0003     |
|    loss                 | 5.09       |
|    n_updates            | 4130       |
|    policy_gradient_loss | -0.0146    |
|    value_loss           | 7.04       |
----------------------------------------
----------------------------------------
| time/                   |            |
|    fps                  | 65         |
|    iterations           | 415        |
|    time_elapsed         | 26081      |
|    total_timesteps      | 1699840    |
| train/                  |            |
|    approx_kl            | 0.02515686 |
|    clip_fraction        | 0.293      |
|    clip_range           | 0.2        |
|    entropy_loss         | -2.76      |
|    explained_variance   | 0.593      |
|    learning_rate        | 0.0003     |
|    loss                 | 2.35       |
|    n_updates            | 4140       |
|    policy_gradient_loss | -0.00941   |
|    value_loss           | 8.78       |
----------------------------------------
----------------------------------------
| time/                   |            |
|    fps                  | 65         |
|    iterations           | 416        |
|    time_elapsed         | 26143      |
|    total_timesteps      | 1703936    |
| train/                  |            |
|    approx_kl            | 0.02093135 |
|    clip_fraction        | 0.288      |
|    clip_range           | 0.2        |
|    entropy_loss         | -2.75      |
|    explained_variance   | 0.799      |
|    learning_rate        | 0.0003     |
|    loss                 | 2.27       |
|    n_updates            | 4150       |
|    policy_gradient_loss | -0.0104    |
|    value_loss           | 6.56       |
----------------------------------------
-----------------------------------------
| time/                   |             |
|    fps                  | 65          |
|    iterations           | 417         |
|    time_elapsed         | 26207       |
|    total_timesteps      | 1708032     |
| train/                  |             |
|    approx_kl            | 0.035441063 |
|    clip_fraction        | 0.342       |
|    clip_range           | 0.2         |
|    entropy_loss         | -2.8        |
|    explained_variance   | 0.907       |
|    learning_rate        | 0.0003      |
|    loss                 | 0.55        |
|    n_updates            | 4160        |
|    policy_gradient_loss | -0.0114     |
|    value_loss           | 2.24        |
-----------------------------------------
-----------------------------------------
| time/                   |             |
|    fps                  | 65          |
|    iterations           | 418         |
|    time_elapsed         | 26273       |
|    total_timesteps      | 1712128     |
| train/                  |             |
|    approx_kl            | 0.029590555 |
|    clip_fraction        | 0.268       |
|    clip_range           | 0.2         |
|    entropy_loss         | -2.71       |
|    explained_variance   | 0.841       |
|    learning_rate        | 0.0003      |
|    loss                 | 2.4         |
|    n_updates            | 4170        |
|    policy_gradient_loss | -0.015      |
|    value_loss           | 3.84        |
-----------------------------------------
-----------------------------------------
| time/                   |             |
|    fps                  | 65          |
|    iterations           | 419         |
|    time_elapsed         | 26336       |
|    total_timesteps      | 1716224     |
| train/                  |             |
|    approx_kl            | 0.026019584 |
|    clip_fraction        | 0.216       |
|    clip_range           | 0.2         |
|    entropy_loss         | -2.71       |
|    explained_variance   | 0.722       |
|    learning_rate        | 0.0003      |
|    loss                 | 1.96        |
|    n_updates            | 4180        |
|    policy_gradient_loss | -0.00928    |
|    value_loss           | 9.37        |
-----------------------------------------
-----------------------------------------
| time/                   |             |
|    fps                  | 65          |
|    iterations           | 420         |
|    time_elapsed         | 26403       |
|    total_timesteps      | 1720320     |
| train/                  |             |
|    approx_kl            | 0.024831742 |
|    clip_fraction        | 0.29        |
|    clip_range           | 0.2         |
|    entropy_loss         | -2.74       |
|    explained_variance   | 0.711       |
|    learning_rate        | 0.0003      |
|    loss                 | 2.12        |
|    n_updates            | 4190        |
|    policy_gradient_loss | -0.0153     |
|    value_loss           | 3.77        |
-----------------------------------------
-----------------------------------------
| time/                   |             |
|    fps                  | 65          |
|    iterations           | 421         |
|    time_elapsed         | 26467       |
|    total_timesteps      | 1724416     |
| train/                  |             |
|    approx_kl            | 0.025012892 |
|    clip_fraction        | 0.247       |
|    clip_range           | 0.2         |
|    entropy_loss         | -2.66       |
|    explained_variance   | 0.632       |
|    learning_rate        | 0.0003      |
|    loss                 | 3.41        |
|    n_updates            | 4200        |
|    policy_gradient_loss | -0.0159     |
|    value_loss           | 6.05        |
-----------------------------------------
-----------------------------------------
| time/                   |             |
|    fps                  | 65          |
|    iterations           | 422         |
|    time_elapsed         | 26532       |
|    total_timesteps      | 1728512     |
| train/                  |             |
|    approx_kl            | 0.023158284 |
|    clip_fraction        | 0.247       |
|    clip_range           | 0.2         |
|    entropy_loss         | -2.58       |
|    explained_variance   | 0.778       |
|    learning_rate        | 0.0003      |
|    loss                 | 3.48        |
|    n_updates            | 4210        |
|    policy_gradient_loss | -0.019      |
|    value_loss           | 6.98        |
-----------------------------------------
----------------------------------------
| time/                   |            |
|    fps                  | 65         |
|    iterations           | 423        |
|    time_elapsed         | 26599      |
|    total_timesteps      | 1732608    |
| train/                  |            |
|    approx_kl            | 0.02233723 |
|    clip_fraction        | 0.244      |
|    clip_range           | 0.2        |
|    entropy_loss         | -2.66      |
|    explained_variance   | 0.8        |
|    learning_rate        | 0.0003     |
|    loss                 | 3.69       |
|    n_updates            | 4220       |
|    policy_gradient_loss | -0.017     |
|    value_loss           | 7.67       |
----------------------------------------
-----------------------------------------
| time/                   |             |
|    fps                  | 65          |
|    iterations           | 424         |
|    time_elapsed         | 26667       |
|    total_timesteps      | 1736704     |
| train/                  |             |
|    approx_kl            | 0.018735018 |
|    clip_fraction        | 0.22        |
|    clip_range           | 0.2         |
|    entropy_loss         | -2.55       |
|    explained_variance   | 0.792       |
|    learning_rate        | 0.0003      |
|    loss                 | 2.32        |
|    n_updates            | 4230        |
|    policy_gradient_loss | -0.0203     |
|    value_loss           | 10.5        |
-----------------------------------------
----------------------------------------
| time/                   |            |
|    fps                  | 65         |
|    iterations           | 425        |
|    time_elapsed         | 26732      |
|    total_timesteps      | 1740800    |
| train/                  |            |
|    approx_kl            | 0.01732862 |
|    clip_fraction        | 0.215      |
|    clip_range           | 0.2        |
|    entropy_loss         | -2.64      |
|    explained_variance   | 0.601      |
|    learning_rate        | 0.0003     |
|    loss                 | 4          |
|    n_updates            | 4240       |
|    policy_gradient_loss | -0.013     |
|    value_loss           | 12         |
----------------------------------------
-----------------------------------------
| time/                   |             |
|    fps                  | 65          |
|    iterations           | 426         |
|    time_elapsed         | 26794       |
|    total_timesteps      | 1744896     |
| train/                  |             |
|    approx_kl            | 0.025858134 |
|    clip_fraction        | 0.313       |
|    clip_range           | 0.2         |
|    entropy_loss         | -2.72       |
|    explained_variance   | 0.788       |
|    learning_rate        | 0.0003      |
|    loss                 | 2.12        |
|    n_updates            | 4250        |
|    policy_gradient_loss | -0.0145     |
|    value_loss           | 8.16        |
-----------------------------------------
-----------------------------------------
| time/                   |             |
|    fps                  | 65          |
|    iterations           | 427         |
|    time_elapsed         | 26855       |
|    total_timesteps      | 1748992     |
| train/                  |             |
|    approx_kl            | 0.022764131 |
|    clip_fraction        | 0.31        |
|    clip_range           | 0.2         |
|    entropy_loss         | -2.75       |
|    explained_variance   | 0.819       |
|    learning_rate        | 0.0003      |
|    loss                 | 1.92        |
|    n_updates            | 4260        |
|    policy_gradient_loss | -0.00765    |
|    value_loss           | 4.02        |
-----------------------------------------
-----------------------------------------
| time/                   |             |
|    fps                  | 65          |
|    iterations           | 428         |
|    time_elapsed         | 26917       |
|    total_timesteps      | 1753088     |
| train/                  |             |
|    approx_kl            | 0.031055134 |
|    clip_fraction        | 0.288       |
|    clip_range           | 0.2         |
|    entropy_loss         | -2.58       |
|    explained_variance   | 0.859       |
|    learning_rate        | 0.0003      |
|    loss                 | 1.3         |
|    n_updates            | 4270        |
|    policy_gradient_loss | -0.0125     |
|    value_loss           | 4.04        |
-----------------------------------------
-----------------------------------------
| time/                   |             |
|    fps                  | 65          |
|    iterations           | 429         |
|    time_elapsed         | 26980       |
|    total_timesteps      | 1757184     |
| train/                  |             |
|    approx_kl            | 0.030806217 |
|    clip_fraction        | 0.298       |
|    clip_range           | 0.2         |
|    entropy_loss         | -2.78       |
|    explained_variance   | 0.857       |
|    learning_rate        | 0.0003      |
|    loss                 | 1.31        |
|    n_updates            | 4280        |
|    policy_gradient_loss | -0.0138     |
|    value_loss           | 4.3         |
-----------------------------------------
----------------------------------------
| time/                   |            |
|    fps                  | 65         |
|    iterations           | 430        |
|    time_elapsed         | 27044      |
|    total_timesteps      | 1761280    |
| train/                  |            |
|    approx_kl            | 0.01631518 |
|    clip_fraction        | 0.194      |
|    clip_range           | 0.2        |
|    entropy_loss         | -2.71      |
|    explained_variance   | 0.697      |
|    learning_rate        | 0.0003     |
|    loss                 | 4.86       |
|    n_updates            | 4290       |
|    policy_gradient_loss | -0.0168    |
|    value_loss           | 9.13       |
----------------------------------------
-----------------------------------------
| time/                   |             |
|    fps                  | 65          |
|    iterations           | 431         |
|    time_elapsed         | 27104       |
|    total_timesteps      | 1765376     |
| train/                  |             |
|    approx_kl            | 0.020811643 |
|    clip_fraction        | 0.295       |
|    clip_range           | 0.2         |
|    entropy_loss         | -2.78       |
|    explained_variance   | 0.708       |
|    learning_rate        | 0.0003      |
|    loss                 | 2.22        |
|    n_updates            | 4300        |
|    policy_gradient_loss | -0.0124     |
|    value_loss           | 6.25        |
-----------------------------------------
-----------------------------------------
| time/                   |             |
|    fps                  | 65          |
|    iterations           | 432         |
|    time_elapsed         | 27166       |
|    total_timesteps      | 1769472     |
| train/                  |             |
|    approx_kl            | 0.027533317 |
|    clip_fraction        | 0.276       |
|    clip_range           | 0.2         |
|    entropy_loss         | -2.8        |
|    explained_variance   | 0.788       |
|    learning_rate        | 0.0003      |
|    loss                 | 1.49        |
|    n_updates            | 4310        |
|    policy_gradient_loss | -0.0134     |
|    value_loss           | 6.4         |
-----------------------------------------
-----------------------------------------
| time/                   |             |
|    fps                  | 65          |
|    iterations           | 433         |
|    time_elapsed         | 27227       |
|    total_timesteps      | 1773568     |
| train/                  |             |
|    approx_kl            | 0.026105493 |
|    clip_fraction        | 0.253       |
|    clip_range           | 0.2         |
|    entropy_loss         | -2.76       |
|    explained_variance   | 0.779       |
|    learning_rate        | 0.0003      |
|    loss                 | 0.879       |
|    n_updates            | 4320        |
|    policy_gradient_loss | -0.0178     |
|    value_loss           | 5.76        |
-----------------------------------------
----------------------------------------
| time/                   |            |
|    fps                  | 65         |
|    iterations           | 434        |
|    time_elapsed         | 27293      |
|    total_timesteps      | 1777664    |
| train/                  |            |
|    approx_kl            | 0.03768252 |
|    clip_fraction        | 0.335      |
|    clip_range           | 0.2        |
|    entropy_loss         | -2.86      |
|    explained_variance   | 0.83       |
|    learning_rate        | 0.0003     |
|    loss                 | 0.451      |
|    n_updates            | 4330       |
|    policy_gradient_loss | -0.0121    |
|    value_loss           | 2.01       |
----------------------------------------
-----------------------------------------
| time/                   |             |
|    fps                  | 65          |
|    iterations           | 435         |
|    time_elapsed         | 27353       |
|    total_timesteps      | 1781760     |
| train/                  |             |
|    approx_kl            | 0.017174663 |
|    clip_fraction        | 0.208       |
|    clip_range           | 0.2         |
|    entropy_loss         | -2.65       |
|    explained_variance   | 0.768       |
|    learning_rate        | 0.0003      |
|    loss                 | 1.58        |
|    n_updates            | 4340        |
|    policy_gradient_loss | -0.0188     |
|    value_loss           | 7.08        |
-----------------------------------------
-----------------------------------------
| time/                   |             |
|    fps                  | 65          |
|    iterations           | 436         |
|    time_elapsed         | 27420       |
|    total_timesteps      | 1785856     |
| train/                  |             |
|    approx_kl            | 0.023858462 |
|    clip_fraction        | 0.306       |
|    clip_range           | 0.2         |
|    entropy_loss         | -2.73       |
|    explained_variance   | 0.892       |
|    learning_rate        | 0.0003      |
|    loss                 | 1.2         |
|    n_updates            | 4350        |
|    policy_gradient_loss | -0.0145     |
|    value_loss           | 3.2         |
-----------------------------------------
-----------------------------------------
| time/                   |             |
|    fps                  | 65          |
|    iterations           | 437         |
|    time_elapsed         | 27481       |
|    total_timesteps      | 1789952     |
| train/                  |             |
|    approx_kl            | 0.031614415 |
|    clip_fraction        | 0.257       |
|    clip_range           | 0.2         |
|    entropy_loss         | -2.65       |
|    explained_variance   | 0.723       |
|    learning_rate        | 0.0003      |
|    loss                 | 1.25        |
|    n_updates            | 4360        |
|    policy_gradient_loss | -0.0133     |
|    value_loss           | 5.95        |
-----------------------------------------
-----------------------------------------
| time/                   |             |
|    fps                  | 65          |
|    iterations           | 438         |
|    time_elapsed         | 27546       |
|    total_timesteps      | 1794048     |
| train/                  |             |
|    approx_kl            | 0.025604654 |
|    clip_fraction        | 0.309       |
|    clip_range           | 0.2         |
|    entropy_loss         | -2.77       |
|    explained_variance   | 0.881       |
|    learning_rate        | 0.0003      |
|    loss                 | 4.8         |
|    n_updates            | 4370        |
|    policy_gradient_loss | -0.0139     |
|    value_loss           | 3.15        |
-----------------------------------------
-----------------------------------------
| time/                   |             |
|    fps                  | 65          |
|    iterations           | 439         |
|    time_elapsed         | 27608       |
|    total_timesteps      | 1798144     |
| train/                  |             |
|    approx_kl            | 0.028138163 |
|    clip_fraction        | 0.268       |
|    clip_range           | 0.2         |
|    entropy_loss         | -2.72       |
|    explained_variance   | 0.854       |
|    learning_rate        | 0.0003      |
|    loss                 | 1.06        |
|    n_updates            | 4380        |
|    policy_gradient_loss | -0.0111     |
|    value_loss           | 4.45        |
-----------------------------------------
-----------------------------------------
| time/                   |             |
|    fps                  | 65          |
|    iterations           | 440         |
|    time_elapsed         | 27672       |
|    total_timesteps      | 1802240     |
| train/                  |             |
|    approx_kl            | 0.026924247 |
|    clip_fraction        | 0.284       |
|    clip_range           | 0.2         |
|    entropy_loss         | -2.75       |
|    explained_variance   | 0.802       |
|    learning_rate        | 0.0003      |
|    loss                 | 1.22        |
|    n_updates            | 4390        |
|    policy_gradient_loss | -0.0153     |
|    value_loss           | 4.6         |
-----------------------------------------
[2K[2KTraining is finished!
Job finished at: Mon 17 Mar 2025 06:16:02 AM CST
